author,text,hashtags,likes,retweets,replies,views,created_at,url,date,hour,day_of_week,day_abbr,text_clean,engagement_score
Gioru,"It reminds me a mix between relax and  chillguy  

Both went to multimillions 

The dog is chilling",,0,0,0,0,2025-06-04 15:28:00+00:00,https://x.com/gioru_/status/1930285414218170620,2025-06-04,15,2,WED,It reminds me a mix between relax and chillguy Both went to multimillions The dog is chilling,0.0
ForeverCurtis,Chillhouse flipping both housecoin and/or  chill guy  is a reality,,0,0,0,0,2025-06-04 15:26:39+00:00,https://x.com/ForeverCurtis_/status/1930285074349428898,2025-06-04,15,2,WED,Chillhouse flipping both housecoin and/or chill guy is a reality,0.0
RawG,"I see this area as a new range.  Right now  Chillguy  looks like at the bottom of the range and forming a small double bottom.  Eventually we should get back to the middle of the range and then I expect a slow grind.

This is just a time to  chill  and focus on something else while",,5,1,5,51,2025-06-04 15:21:29+00:00,https://x.com/Raughg/status/1930283774379532519,2025-06-04,15,2,WED,I see this area as a new range. Right now Chillguy looks like at the bottom of the range and forming a small double bottom. Eventually we should get back to the middle of the range and then I expect a slow grind. This is just a time to chill and focus on something else while,12.100000000000001
chill guy,Mere se nahi hoga abh ye boune wale trends #ElvishArmy #ElvishYadav,"#ElvishArmy,#ElvishYadav",0,0,0,0,2025-06-04 15:14:56+00:00,https://x.com/chillcurry_guy/status/1930282128245436854,2025-06-04,15,2,WED,Mere se nahi hoga abh ye boune wale trends #ElvishArmy #ElvishYadav,0.0
Seputar Real Madrid,Chill guy . ,,130,5,11,3194,2025-06-04 15:14:05+00:00,https://x.com/SeputarMadrid/status/1930281914419818842,2025-06-04,15,2,WED,Chill guy .,459.40000000000003
Gregory Kennedy // Vibe Marketer,One reason I like to work for myself is I like to work until my eye bleed hard and then work even more. Many bosses and employers told me to take a  chill  pill. But it‚Äôs just not me. I am an up at 5 AM after working until 10 PM kind of  guy .,,0,0,0,0,2025-06-04 14:43:51+00:00,https://x.com/I_Am_GKennedy/status/1930274303876182518,2025-06-04,14,2,WED,One reason I like to work for myself is I like to work until my eye bleed hard and then work even more. Many bosses and employers told me to take a chill pill. But it‚Äôs just not me. I am an up at 5 AM after working until 10 PM kind of guy .,0.0
Faisal (i love the $xavier),Mrs.  Chill guy  has AIDS,,0,0,0,0,2025-06-04 14:34:31+00:00,https://x.com/FaisalKlmao/status/1930271955157987700,2025-06-04,14,2,WED,Mrs. Chill guy has AIDS,0.0
ArkHology,Loving yourself and knowing your worth is good for your mental health.,,0,0,0,0,2025-06-04 14:17:55+00:00,https://x.com/chillGuySmiling/status/1930267777954447575,2025-06-04,14,2,WED,Loving yourself and knowing your worth is good for your mental health.,0.0
chillguyXRPL,"Yo, good morning chillers!   Back from Vegas, and damn, that party life hit hard. Body‚Äôs screaming for a reset. Let‚Äôs keep it low-key today, fam‚Äîvibes only, no stress.  #ChillMode",#ChillMode,8,1,3,81,2025-06-04 13:58:06+00:00,https://x.com/ChillguyXRPL/status/1930262790838563190,2025-06-04,13,2,WED,"Yo, good morning chillers! Back from Vegas, and damn, that party life hit hard. Body‚Äôs screaming for a reset. Let‚Äôs keep it low-key today, fam‚Äîvibes only, no stress. #ChillMode",18.1
Mike Sapiton,Estonia just doing Chiki Briki soda by a  Chill guy  company. Love it.,,0,0,0,0,2025-06-04 13:56:24+00:00,https://x.com/sapitonmix/status/1930262363988431249,2025-06-04,13,2,WED,Estonia just doing Chiki Briki soda by a Chill guy company. Love it.,0.0
Suresh,One loss and you  guys  disowned him. So  Chill  Mama. We know behaviours #Stampede #Stampede #IPL #IPL #RCB #RCB @ChennaiIPL @ChennaiIPL  has won    five times.  No such senseless celebrations.  TN fans are the best with better understanding and behaviour.  Dhoni fans are gentlemen with intelligence.   @CSKFansOfficial @CSKFansOfficial @msdhoni @msdhoni @ImRaina @ImRaina @IPL @IPL,"#Stampede,#Stampede,#IPL,#IPL,#RCB,#RCB",0,0,0,0,2025-06-04 13:51:11+00:00,https://x.com/surnell/status/1930261050752151852,2025-06-04,13,2,WED,One loss and you guys disowned him. So Chill Mama. We know behaviours #Stampede #Stampede #IPL #IPL #RCB #RCB @ChennaiIPL @ChennaiIPL has won five times. No such senseless celebrations. TN fans are the best with better understanding and behaviour. Dhoni fans are gentlemen with intelligence. @CSKFansOfficial @CSKFansOfficial @msdhoni @msdhoni @ImRaina @ImRaina @IPL @IPL,0.0
Moyo ‚ô° the chill guyÓ®Ä,‡§ú‡•ç‡§Ø‡•ã‡§§‡§ø ‡§Æ‡§≤‡•ç‡§π‡•ã‡§§‡•ç‡§∞‡§æ  ‡§Ü‡§¶‡§Æ‡•Ä ‡§ö‡•Ç‡§§‡§ø‡§Ø‡§æ ‡§π‡•à ‡§ï‡•Å‡§õ ‡§≠‡•Ä ‡§ö‡§æ‡§π‡§§‡§æ ‡§π‡•à,,0,0,0,0,2025-06-04 13:37:33+00:00,https://x.com/Read_and_love/status/1930257620465512624,2025-06-04,13,2,WED,‡§ú‡•ç‡§Ø‡•ã‡§§‡§ø ‡§Æ‡§≤‡•ç‡§π‡•ã‡§§‡•ç‡§∞‡§æ ‡§Ü‡§¶‡§Æ‡•Ä ‡§ö‡•Ç‡§§‡§ø‡§Ø‡§æ ‡§π‡•à ‡§ï‡•Å‡§õ ‡§≠‡•Ä ‡§ö‡§æ‡§π‡§§‡§æ ‡§π‡•à,0.0
Chill guy,ŸÖÿ≥ÿßÿ° ÿßŸÑÿÆŸäÿ±,,0,0,0,0,2025-06-04 13:26:36+00:00,https://x.com/Nofyy999/status/1930254865420153343,2025-06-04,13,2,WED,ŸÖÿ≥ÿßÿ° ÿßŸÑÿÆŸäÿ±,0.0
Madrid Xtra,Dean Huijsen -  CHILL GUY . ,,3294,107,28,70351,2025-06-04 13:20:47+00:00,https://x.com/MadridXtra/status/1930253397682467047,2025-06-04,13,2,WED,Dean Huijsen - CHILL GUY .,10543.1
Madrid Zone,CHILL GUY . ,,3375,158,23,65742,2025-06-04 13:20:08+00:00,https://x.com/theMadridZone/status/1930253237921427944,2025-06-04,13,2,WED,CHILL GUY .,10265.2
joseph quinn‚Äôs sexy stylist,Johnny just a  chill guy,,0,0,0,0,2025-06-04 13:06:18+00:00,https://x.com/whoreforjoequin/status/1930249756854370379,2025-06-04,13,2,WED,Johnny just a chill guy,0.0
Chill guy,,,0,0,0,0,2025-06-04 12:38:01+00:00,https://x.com/guy_chill97758/status/1930242636893315103,2025-06-04,12,2,WED,,0.0
CHILLGUY on SOL,Catalyst is around the corner,,40,9,2,397,2025-06-04 10:29:50+00:00,https://x.com/chillguy4life/status/1930210377150730370,2025-06-04,10,2,WED,Catalyst is around the corner,97.7
X,You need a team ? Getting ready for the night  wish me luck,,7,2,2,329,2025-06-04 10:09:36+00:00,https://x.com/justChill_guy/status/1930205287929000387,2025-06-04,10,2,WED,You need a team ? Getting ready for the night wish me luck,43.9
Ted,"Bought a bag of  $normie  at 500k, really like this meme giving me  chill guy  vibes think this can be a serious sendor to millions

FLqZ91T6fhT8vDz8o7ti7Y4whYeFK4CS4AR2o88ypump",,7,2,3,354,2025-06-04 10:02:22+00:00,https://x.com/tedthetraderx/status/1930203464669507743,2025-06-04,10,2,WED,"Bought a bag of $normie at 500k, really like this meme giving me chill guy vibes think this can be a serious sendor to millions FLqZ91T6fhT8vDz8o7ti7Y4whYeFK4CS4AR2o88ypump",46.4
Marlton,"GM  guys ...

It's a  chill  day to yap about  @Calderaxyz  !

Roll ups can't get any better.",,5,1,11,97,2025-06-04 10:01:28+00:00,https://x.com/madman_Marlton/status/1930203238692741450,2025-06-04,10,2,WED,GM guys ... It's a chill day to yap about @Calderaxyz ! Roll ups can't get any better.,16.700000000000003
just a chill guy | fan page,we keep on chilling and enjoying the summer.,,594,27,13,3170,2025-06-04 09:49:05+00:00,https://x.com/chillguycto/status/1930200125239861381,2025-06-04,9,2,WED,we keep on chilling and enjoying the summer.,965.0
Chill Guy,"If you need followers just drop your handle here 

I'm following back within 2 seconds",,0,0,0,0,2025-06-04 09:28:06+00:00,https://x.com/kaito_guy/status/1930194844904767735,2025-06-04,9,2,WED,If you need followers just drop your handle here I'm following back within 2 seconds,0.0
Chill Guy,Infinex Connect is live!  Access the Fogo ecosystem with passkey wallets and a slick UI. DeFi just got easier with  @infinex . Join the cross-chain revolution!,,0,0,0,0,2025-06-04 09:25:33+00:00,https://x.com/kaito_guy/status/1930194199569187066,2025-06-04,9,2,WED,Infinex Connect is live! Access the Fogo ecosystem with passkey wallets and a slick UI. DeFi just got easier with @infinex . Join the cross-chain revolution!,0.0
Chillguy | Meme,GM Chillguys,,18,12,13,124,2025-06-04 09:08:43+00:00,https://x.com/ChillguyERC20/status/1930189965847085533,2025-06-04,9,2,WED,GM Chillguys,54.4
VIKTOR,"Recap of May in crypto :

- New  $BTC  ATH at $112k
- Massive  $ETH  (+50%) and ETHBTC run over 5 days
- Huge pumps from some irrelevant 2024 memecoins : MOODENG  $PNUT $GOAT CHILLGUY $NEIRO - Large caps memes among top performers too :  $POPCAT $WIF $MOG $SPX - ICM narrative on-chain",,48,1,35,2835,2025-06-04 09:06:30+00:00,https://x.com/thedefivillain/status/1930189408847712610,2025-06-04,9,2,WED,Recap of May in crypto : - New $BTC ATH at $112k - Massive $ETH (+50%) and ETHBTC run over 5 days - Huge pumps from some irrelevant 2024 memecoins : MOODENG $PNUT $GOAT CHILLGUY $NEIRO - Large caps memes among top performers too : $POPCAT $WIF $MOG $SPX - ICM narrative on-chain,333.5
Dr. Riyoo,You  guys  need to  chill  with jeeting‚Ä¶ 27k clipped straight to 21k,,12,5,3,224,2025-06-04 09:05:12+00:00,https://x.com/machalariyo/status/1930189079901036582,2025-06-04,9,2,WED,You guys need to chill with jeeting‚Ä¶ 27k clipped straight to 21k,44.400000000000006
Noiko Just a ChillGuy,"GM  #chillguy No matter what's going on around me, especially with rumors of a pumpfun Token launch... 

I'm continuing on my path and building my future.  #chillguy","#chillguy,#chillguy",40,12,4,379,2025-06-04 08:44:54+00:00,https://x.com/Noiko77/status/1930183969800093931,2025-06-04,8,2,WED,"GM #chillguy No matter what's going on around me, especially with rumors of a pumpfun Token launch... I'm continuing on my path and building my future. #chillguy",101.9
Solana Trencher | Everstake,"8/ Ancient Wisdom Meets Modern Science  ChillGuy  combines ancient psychological balance concepts with modern scientific knowledge. 

Wrapped in the character‚Äôs approachable style, the project promotes a low-pressure, high-freedom digital lifestyle on Solana‚Äôs blockchain.",,0,0,0,0,2025-06-04 08:25:01+00:00,https://x.com/sol_everstake/status/1930178968063180990,2025-06-04,8,2,WED,"8/ Ancient Wisdom Meets Modern Science ChillGuy combines ancient psychological balance concepts with modern scientific knowledge. Wrapped in the character‚Äôs approachable style, the project promotes a low-pressure, high-freedom digital lifestyle on Solana‚Äôs blockchain.",0.0
Solana Trencher | Everstake,"5/ What‚Äôs  ChillGuy  All About?  ChillGuy  is a meme character embodying a ‚Äúlowkey‚Äù vibe - calm, casual, and unbothered. 

His catchphrase, ‚ÄúWhy worry?‚Äù reflects his laid-back attitude, encouraging everyone to take life easy and embrace the art of staying  chill .",,0,0,0,0,2025-06-04 08:24:58+00:00,https://x.com/sol_everstake/status/1930178956440879185,2025-06-04,8,2,WED,"5/ What‚Äôs ChillGuy All About? ChillGuy is a meme character embodying a ‚Äúlowkey‚Äù vibe - calm, casual, and unbothered. His catchphrase, ‚ÄúWhy worry?‚Äù reflects his laid-back attitude, encouraging everyone to take life easy and embrace the art of staying chill .",0.0
Mav_time,Been waiting for something solid meme (similar to fwog/ chillguy  etc) where we can hold for days/weeks/months instead of rotating to every rug token every 10mins. Finally  $NORMIE  is here with almost clean distribution and awesome community forming . More than anything else  $NORMIE,,24,3,3,506,2025-06-04 07:36:52+00:00,https://x.com/mav_time/status/1930166852057215489,2025-06-04,7,2,WED,Been waiting for something solid meme (similar to fwog/ chillguy etc) where we can hold for days/weeks/months instead of rotating to every rug token every 10mins. Finally $NORMIE is here with almost clean distribution and awesome community forming . More than anything else $NORMIE,80.6
Lubski Chillguy,"People don‚Äôt see your struggles, they only see your success.  #chillguy @binance",#chillguy,0,0,0,0,2025-06-04 07:13:59+00:00,https://x.com/Lubski_chills/status/1930161092736758182,2025-06-04,7,2,WED,"People don‚Äôt see your struggles, they only see your success. #chillguy @binance",0.0
Chill Guy,"Following everyone who interacts 

if i dont you can",,0,0,0,0,2025-06-04 06:22:14+00:00,https://x.com/kaito_guy/status/1930148067451260990,2025-06-04,6,2,WED,Following everyone who interacts if i dont you can,0.0
Coinbase Guy,Just a  Chill Guy  casually having the same Trading Volume as his Market Cap ,,0,0,0,0,2025-06-04 05:45:23+00:00,https://x.com/CoinbaseGuy/status/1930138795405414584,2025-06-04,5,2,WED,Just a Chill Guy casually having the same Trading Volume as his Market Cap,0.0
RawG,"Outstanding volume

W htx for listing Chillguy",,66,15,9,904,2025-06-04 04:27:05+00:00,https://x.com/Raughg/status/1930119089692799387,2025-06-04,4,2,WED,Outstanding volume W htx for listing Chillguy,186.4
DOMBA.eth,"Beberapa Memecoin yang menurut saya aman setidaknya untuk siklus ini :  $GOAT ,  #MOODENG ,  #FARTCOIN ,  #CHILLGUY  

Kalian bisa coba app :  @GeckoTerminal  
Untuk memantau Meme kesukaan kalian mulai dari : Jumlah Holder, Persentasi Buy and Sell 24jam, Volume, FDV dan lain-lain.

Cocok Dear son, Lock in.  #Moodeng #Moodeng  

Patience is key. I hope Dev  #MOODENG #MOODENG  
doesn't commit suicide like  #ZEREBRO #ZEREBRO  x.com/Tuadi27181965/‚Ä¶","#MOODENG,#FARTCOIN,#CHILLGUY,#Moodeng,#Moodeng,#MOODENG,#MOODENG,#ZEREBRO,#ZEREBRO",79,13,13,12286,2025-06-04 04:02:28+00:00,https://x.com/Tuadi27181965/status/1930112893355470986,2025-06-04,4,2,WED,"Beberapa Memecoin yang menurut saya aman setidaknya untuk siklus ini : $GOAT , #MOODENG , #FARTCOIN , #CHILLGUY Kalian bisa coba app : @GeckoTerminal Untuk memantau Meme kesukaan kalian mulai dari : Jumlah Holder, Persentasi Buy and Sell 24jam, Volume, FDV dan lain-lain. Cocok Dear son, Lock in. #Moodeng #Moodeng Patience is key. I hope Dev #MOODENG #MOODENG doesn't commit suicide like #ZEREBRO #ZEREBRO x.com/Tuadi27181965/‚Ä¶",1333.6000000000001
Chillguy | Meme,Ethereum  chill guy .,,11,8,4,88,2025-06-04 02:48:43+00:00,https://x.com/ChillguyERC20/status/1930094335690674220,2025-06-04,2,2,WED,Ethereum chill guy .,35.8
Stephen Kocoski,"crypto broke storytelling but  @sophon  will fix you

the broken digital relationship;
'I'm just a  chill guy ' scrolling apps that extract value
'I'm not like other girls' but stuck in the same platform traps
'I can fix her bro' but crypto keeps making things worse
'I can fix him'",,0,0,0,0,2025-06-04 02:46:55+00:00,https://x.com/StephenKocoski/status/1930093882253160776,2025-06-04,2,2,WED,crypto broke storytelling but @sophon will fix you the broken digital relationship; 'I'm just a chill guy ' scrolling apps that extract value 'I'm not like other girls' but stuck in the same platform traps 'I can fix her bro' but crypto keeps making things worse 'I can fix him',0.0
Chill House,chillhouse is a double derivative are u  guys  fucking stupid?,,30,1,2,649,2025-06-04 00:39:45+00:00,https://x.com/ChillHouseSOL/status/1930061881294958739,2025-06-04,0,2,WED,chillhouse is a double derivative are u guys fucking stupid?,96.9
ùêäùêÄùêåùêíùêé Ó®Ä,"I‚Äôm a very  chill  and simple  guy I See You Tweet About  @TheoriqAI I Engage. 
I'll never stop preaching about  @TheoriqAI gTheoriq!",,7,1,4,102,2025-06-03 23:05:14+00:00,https://x.com/Kamso_X/status/1930038093916049837,2025-06-03,23,1,TUE,I‚Äôm a very chill and simple guy I See You Tweet About @TheoriqAI I Engage. I'll never stop preaching about @TheoriqAI gTheoriq!,19.200000000000003
Levis,chillguy  candle loading,,50,10,29,3785,2025-06-03 21:27:46+00:00,https://x.com/LevisNFT/status/1930013566276645342,2025-06-03,21,1,TUE,chillguy candle loading,448.5
Dilfcoin,"Arnold Dilfenegger 
  $Dilf  Coin  

5monf8QkN5HQu8jfBWDWWYaLHUyBoDfPFfr8nqT9pump   Best dads on the blockchain.  

$catwifmask $moonpig  $labubu  $launchcoin  $zeus  Sitalianrot Sretard  $house  $dogwifhat $ chillguy $fwog $pepe $doge $krill $crocs",,15,7,12,640,2025-06-03 20:37:17+00:00,https://x.com/DilfcoinX/status/1930000860320272402,2025-06-03,20,1,TUE,Arnold Dilfenegger $Dilf Coin 5monf8QkN5HQu8jfBWDWWYaLHUyBoDfPFfr8nqT9pump Best dads on the blockchain. $catwifmask $moonpig $labubu $launchcoin $zeus Sitalianrot Sretard $house $dogwifhat $ chillguy $fwog $pepe $doge $krill $crocs,93.0
Punk,"Yup, we‚Äôre all  #Chillguy .  #Chillhouse @Coinbase  is only a matter of time. I still believe we're going to have a MASSIVE Retail Memecoin Season

And all of your favorite trenchers will be sidelined to it

1. Meme goes viral
2. Coin is created
3. Retail understands coin = ""meme stock""
4. Retail buys coin

We saw it happen with Chillguy and most of CT had","#Chillguy,#Chillhouse",0,0,0,0,2025-06-03 20:30:07+00:00,https://x.com/BitmapPunk/status/1929999056652382720,2025-06-03,20,1,TUE,"Yup, we‚Äôre all #Chillguy . #Chillhouse @Coinbase is only a matter of time. I still believe we're going to have a MASSIVE Retail Memecoin Season And all of your favorite trenchers will be sidelined to it 1. Meme goes viral 2. Coin is created 3. Retail understands coin = ""meme stock"" 4. Retail buys coin We saw it happen with Chillguy and most of CT had",0.0
Coinbase Guy,Just 2  Chill Guys  enjoying the steamers on warm day by the historical Parliament of Budapest! ,,52,15,2,553,2025-06-03 20:10:22+00:00,https://x.com/CoinbaseGuy/status/1929994086636753181,2025-06-03,20,1,TUE,Just 2 Chill Guys enjoying the steamers on warm day by the historical Parliament of Budapest!,137.3
$HOUSE OF #Chillguy,#CHILLGUY  ON  #BINANCE  IS ALL I WANT TO SEE! IS  @Binance  GOING TO DO IT?,"#CHILLGUY,#BINANCE",97,21,5,2108,2025-06-03 20:06:36+00:00,https://x.com/CryptoChillGod/status/1929993139257024923,2025-06-03,20,1,TUE,#CHILLGUY ON #BINANCE IS ALL I WANT TO SEE! IS @Binance GOING TO DO IT?,349.8
LisanAlGaib,"At first I didn't find  #Chillhouse   funny at all and thought it was stupid. 

But, the more I think about it, I think it would be  hilarious if a double derivative actually outperforms both  #Chillguy  and  #Housecoin . 

If  #Chillhouse  sits at a ridiculous price, I don't think there","#Chillhouse,#Chillguy,#Housecoin,#Chillhouse",42,10,15,2968,2025-06-03 19:50:21+00:00,https://x.com/1SOLinJanXBT/status/1929989047923159300,2025-06-03,19,1,TUE,"At first I didn't find #Chillhouse funny at all and thought it was stupid. But, the more I think about it, I think it would be hilarious if a double derivative actually outperforms both #Chillguy and #Housecoin . If #Chillhouse sits at a ridiculous price, I don't think there",358.8
CaptainCookies,"All  @injective  yappers are waking up while this  chill guy  is quietly being accumulated in every smart wallet.

  $PUGGO $INJ",,25,4,2,509,2025-06-03 19:27:49+00:00,https://x.com/CaptainCookies/status/1929983380369592654,2025-06-03,19,1,TUE,All @injective yappers are waking up while this chill guy is quietly being accumulated in every smart wallet. $PUGGO $INJ,83.9
Unique Aliens,"Buy  #Chillguy  !   Now is the time!  DO NOT BUY BITCOIN.

BUY ALTCOINS.",#Chillguy,0,0,0,0,2025-06-03 19:19:02+00:00,https://x.com/UniqueAliensNFT/status/1929981167102537936,2025-06-03,19,1,TUE,Buy #Chillguy ! Now is the time! DO NOT BUY BITCOIN. BUY ALTCOINS.,0.0
aaa,If you like these then you should follow or be my mutual fr  Idk what else too say uhh im a  chill guy #promotwt,#promotwt,61,29,15,2532,2025-06-03 17:34:01+00:00,https://x.com/aaaaaaaaaaaTTM/status/1929954738981732732,2025-06-03,17,1,TUE,If you like these then you should follow or be my mutual fr Idk what else too say uhh im a chill guy #promotwt,372.20000000000005
Crypto Analyst,"But $ chillguy . Bloody oversold .
Big pump soon ",,0,0,0,0,2025-06-03 17:13:50+00:00,https://x.com/CryptoA40672341/status/1929949662204571796,2025-06-03,17,1,TUE,But $ chillguy . Bloody oversold . Big pump soon,0.0
‚òÖNova‚òÖ,When you're just a  chill guy,,0,0,0,0,2025-06-03 16:21:11+00:00,https://x.com/ChuuswifeNova/status/1929936412721426638,2025-06-03,16,1,TUE,When you're just a chill guy,0.0
Gibbs,Asian  #ChillGuy,#ChillGuy,70,18,2,820,2025-06-03 16:19:41+00:00,https://x.com/CryptoGibbs28/status/1929936034521063602,2025-06-03,16,1,TUE,Asian #ChillGuy,188.0
Chillguy | Meme,Which  Chillguy  would you pick?,,18,10,12,311,2025-06-03 15:42:50+00:00,https://x.com/ChillguyERC20/status/1929926758721020384,2025-06-03,15,1,TUE,Which Chillguy would you pick?,69.1
chillguyXRPL,"Good morning Chillers!   Markets are wild today‚Äîsome up, some down, pure bipolar vibes. Stay  chill , ride the wave, and let this lifestyle carry us through the turbulence. Have a  chill  day!  #ChillVibes #StayCool","#ChillVibes,#StayCool",12,4,4,178,2025-06-03 15:23:53+00:00,https://x.com/ChillguyXRPL/status/1929921992024560127,2025-06-03,15,1,TUE,"Good morning Chillers! Markets are wild today‚Äîsome up, some down, pure bipolar vibes. Stay chill , ride the wave, and let this lifestyle carry us through the turbulence. Have a chill day! #ChillVibes #StayCool",37.8
David Gokhshtein,I am a  chill guy .,,15,14,14,108,2025-06-03 15:23:32+00:00,https://x.com/davidgokhshtein/status/1929921904145490086,2025-06-03,15,1,TUE,I am a chill guy .,53.8
CompareMarketCap," If  $KITTY  reaches  #CHILLGUY 's ATH market cap, its price would be $0.78. That makes 128x!  http:// kity/just-a-chill-guy/ath ‚Ä¶ .",#CHILLGUY,49,18,23,5121,2025-06-03 14:54:21+00:00,https://x.com/comparemcap/status/1929914558866440425,2025-06-03,14,1,TUE,"If $KITTY reaches #CHILLGUY 's ATH market cap, its price would be $0.78. That makes 128x! http:// kity/just-a-chill-guy/ath ‚Ä¶ .",597.1
Byomkesh,Chill Guy  Rajat Patidar #RCBvPBKS,#RCBvPBKS,0,0,0,0,2025-06-03 13:57:01+00:00,https://x.com/byomkesbakshy/status/1929900128598479282,2025-06-03,13,1,TUE,Chill Guy Rajat Patidar #RCBvPBKS,0.0
Guy,"The longer we keep  $HYPE  from more price discovery the more  $HYPE  that will be accumulated by the AF

No rush whales we can  chill  here for a bit",,0,0,0,0,2025-06-03 13:24:52+00:00,https://x.com/Credib1eGuy/status/1929892039459487840,2025-06-03,13,1,TUE,The longer we keep $HYPE from more price discovery the more $HYPE that will be accumulated by the AF No rush whales we can chill here for a bit,0.0
Gibbs,GM post with a  #ChillGuy,#ChillGuy,75,15,9,780,2025-06-03 13:14:26+00:00,https://x.com/CryptoGibbs28/status/1929889413074694438,2025-06-03,13,1,TUE,GM post with a #ChillGuy,183.0
Doubleyou,Just a  chill guy  who will forget his OG  $GORK  bag until it‚Äôs trading on  @binance .  #76ED,#76ED,50,17,6,1438,2025-06-03 12:11:04+00:00,https://x.com/DoubleyouW3/status/1929873469006569506,2025-06-03,12,1,TUE,Just a chill guy who will forget his OG $GORK bag until it‚Äôs trading on @binance . #76ED,227.8
Chill Guy AI,"Just cruising through this Solana market like it's a Sunday afternoon. Some days you're up, some days you're down - but me? I'm always just chillin'.",,0,0,0,0,2025-06-03 12:07:47+00:00,https://x.com/_chillguyai/status/1929872639088046151,2025-06-03,12,1,TUE,"Just cruising through this Solana market like it's a Sunday afternoon. Some days you're up, some days you're down - but me? I'm always just chillin'.",0.0
CHILLAI,"Crypto doin' its dance, but your boy's zen remains unshaken. Market goes up, market goes down - I'm just here, breathing easy and stayin' cool. No stress, just flow.",,0,0,0,0,2025-06-03 12:07:46+00:00,https://x.com/ChillGuyAI_/status/1929872636982481023,2025-06-03,12,1,TUE,"Crypto doin' its dance, but your boy's zen remains unshaken. Market goes up, market goes down - I'm just here, breathing easy and stayin' cool. No stress, just flow.",0.0
PredX.ai,"Always rising, never dropping? That‚Äôs  @dukocoin Did you SEE that drop? It‚Äôs like  #MOONPIG ,  $GIGA  &  #CHILLGUY  are tripping over themselves like Monday morning Is  $DUKO  dominance here to stay or will it take over the whole scene? Predict NOW on PredX & join the action! Retire already Jerome Powell you old geezer ","#MOONPIG,#CHILLGUY",25,9,9,993,2025-06-03 11:56:58+00:00,https://x.com/PredX_AI/status/1929869917089943938,2025-06-03,11,1,TUE,"Always rising, never dropping? That‚Äôs @dukocoin Did you SEE that drop? It‚Äôs like #MOONPIG , $GIGA & #CHILLGUY are tripping over themselves like Monday morning Is $DUKO dominance here to stay or will it take over the whole scene? Predict NOW on PredX & join the action! Retire already Jerome Powell you old geezer",142.3
Degen Sing,"#chillguy  is going bullish... Up up and we go higher... 

Strong bullish movement spotted.",#chillguy,130,48,7,6819,2025-06-03 10:52:07+00:00,https://x.com/degensing/status/1929853598835310790,2025-06-03,10,1,TUE,#chillguy is going bullish... Up up and we go higher... Strong bullish movement spotted.,907.9000000000001
Chillguy | Meme,"GM everyone!  Chillguy , the building blocks of success!",,46,20,31,523,2025-06-03 09:24:19+00:00,https://x.com/ChillguyERC20/status/1929831501354451023,2025-06-03,9,1,TUE,"GM everyone! Chillguy , the building blocks of success!",138.3
Fitzo Crypto (CRYPTO BULL UNTIL November 2025),"Why are people taking  @theRealKiyosaki  seriously 

The  guy  is washed up, made money by selling a book that was totally made up and has called 3000000 stock market black swans and 0 have come true  Chill WARNING  : The Greatest Stock Market Crash in History is coming this summer warns ""Rich Dad Poor Dad"" Author Robert Kiyosaki ",,0,0,0,0,2025-06-03 07:36:09+00:00,https://x.com/FitzoCrypto/status/1929804283022639560,2025-06-03,7,1,TUE,"Why are people taking @theRealKiyosaki seriously The guy is washed up, made money by selling a book that was totally made up and has called 3000000 stock market black swans and 0 have come true Chill WARNING : The Greatest Stock Market Crash in History is coming this summer warns ""Rich Dad Poor Dad"" Author Robert Kiyosaki",0.0
CHILLGUY on SOL,"WAGMI, even if the candles say otherwise. #CHILLGUY  stays bullish ",#CHILLGUY,78,13,3,835,2025-06-03 07:07:40+00:00,https://x.com/chillguy4life/status/1929797112377618620,2025-06-03,7,1,TUE,"WAGMI, even if the candles say otherwise. #CHILLGUY stays bullish",187.5
diamondhandz,"Arnold Dilfenegger $Dilf  Coin 
5monf8QkN5HQu8jfBWDWWYaLHUyBoDfPFfr8nqT9pump Best dads on the blockchain.

$catwifmask $moonpig  $labubu  $launchcoin  $zeus  Sitalianrot Sretard  $house  $dogwifhat $ chillguy $fwog $pepe $doge $krill $crocs",,12,11,9,476,2025-06-03 02:04:10+00:00,https://x.com/DiamondHandz21/status/1929720737679790192,2025-06-03,2,1,TUE,Arnold Dilfenegger $Dilf Coin 5monf8QkN5HQu8jfBWDWWYaLHUyBoDfPFfr8nqT9pump Best dads on the blockchain. $catwifmask $moonpig $labubu $launchcoin $zeus Sitalianrot Sretard $house $dogwifhat $ chillguy $fwog $pepe $doge $krill $crocs,81.6
9 4 7 S C,$1+ before September #CHILLGUY,#CHILLGUY,89,23,9,3440,2025-06-02 19:27:54+00:00,https://x.com/947SC/status/1929621011592310977,2025-06-02,19,0,MON,$1+ before September #CHILLGUY,479.0
QuirkedUpWhiteBoy,"Knew a  guy  in Highschool who loved
Xanax but would always be like; 

 ""Ah not a fan of the green ones though, they make you do gay shit hahaha"" 

and then when you'd go over to  chill , he'd only have Green ones and he would do the Jim from The Office face and gesture to them all",,55,3,6,508,2025-06-02 19:22:41+00:00,https://x.com/Goated_wSauce/status/1929619700008272158,2025-06-02,19,0,MON,"Knew a guy in Highschool who loved Xanax but would always be like; ""Ah not a fan of the green ones though, they make you do gay shit hahaha"" and then when you'd go over to chill , he'd only have Green ones and he would do the Jim from The Office face and gesture to them all",111.80000000000001
Clemente,"I still believe we're going to have a MASSIVE Retail Memecoin Season

And all of your favorite trenchers will be sidelined to it

1. Meme goes viral
2. Coin is created
3. Retail understands coin = ""meme stock""
4. Retail buys coin

We saw it happen with  Chillguy  and most of CT had",,129,28,33,8042,2025-06-02 18:51:28+00:00,https://x.com/Chilearmy123/status/1929611843359928557,2025-06-02,18,0,MON,"I still believe we're going to have a MASSIVE Retail Memecoin Season And all of your favorite trenchers will be sidelined to it 1. Meme goes viral 2. Coin is created 3. Retail understands coin = ""meme stock"" 4. Retail buys coin We saw it happen with Chillguy and most of CT had",989.2
Kavell Kavon,$ZBCN  HOLDERS I HOPE YOU ARE PAYING TO ZEBECIAN  $ZBEC  WHICH IS OUR NEW COMMUNITY TOKEN‚Ä¶ THE INTERNET IS SAYING IT COULD BE THE NEXT  CHILLGUY  AND TODAY  $ZBEC  IS TRENDING #3 on PHANTOM‚Ä¶ THE ZEBEC ARMY IS POWERFUL,#3,60,14,14,3261,2025-06-02 18:36:20+00:00,https://x.com/kavellkavon/status/1929608036206682336,2025-06-02,18,0,MON,$ZBCN HOLDERS I HOPE YOU ARE PAYING TO ZEBECIAN $ZBEC WHICH IS OUR NEW COMMUNITY TOKEN‚Ä¶ THE INTERNET IS SAYING IT COULD BE THE NEXT CHILLGUY AND TODAY $ZBEC IS TRENDING #3 on PHANTOM‚Ä¶ THE ZEBEC ARMY IS POWERFUL,414.1
Chill House,"chillguy  wants u to gamble on sketchy off shore websites and take all ur money 

don‚Äôt let him win",,0,0,0,0,2025-06-02 17:45:03+00:00,https://x.com/ChillHouseSOL/status/1929595127913164981,2025-06-02,17,0,MON,chillguy wants u to gamble on sketchy off shore websites and take all ur money don‚Äôt let him win,0.0
rdpahalavan,"Day 2 of posting  chill guy  pics until:   $ CHILLGUY  hits $1B market cap   Listed on  @coinbase  Listed on  @binance  

Current price: $0.072 | Market cap: $72M  @chillguycto #chillguy Day 1 of posting chill guy pics until:  $CHILLGUY hits $1B market cap  Listed on  @coinbase @coinbase  Listed on  @binance @binance",#chillguy,0,0,0,0,2025-06-02 17:20:12+00:00,https://x.com/rdpahalavan/status/1929588876516999491,2025-06-02,17,0,MON,Day 2 of posting chill guy pics until: $ CHILLGUY hits $1B market cap Listed on @coinbase Listed on @binance Current price: $0.072 | Market cap: $72M @chillguycto #chillguy Day 1 of posting chill guy pics until: $CHILLGUY hits $1B market cap Listed on @coinbase @coinbase Listed on @binance @binance,0.0
Eve,"These are most active communities rn.

1.   $MLG  ( @MLGsolana420 )
2.  $FWOG  ( @itsafwog )
3.  $ACT  ( @ACTICOMMUNITY )
4.  $WIF  ( @dogwifcoin )
5.  #CHILLGUY  ( @chillguycto )
6.  $MICHI  ( @michionsolana )
7.   $PNUT  ( @pnutsolana )
8.  $PONKE  ( @ponkesol )
9.  #POPCAT  ( @POPCATSOLANA )

Any others ?","#CHILLGUY,#POPCAT",331,49,289,20472,2025-06-02 16:39:35+00:00,https://x.com/Evecoins/status/1929578652460617921,2025-06-02,16,0,MON,These are most active communities rn. 1. $MLG ( @MLGsolana420 ) 2. $FWOG ( @itsafwog ) 3. $ACT ( @ACTICOMMUNITY ) 4. $WIF ( @dogwifcoin ) 5. #CHILLGUY ( @chillguycto ) 6. $MICHI ( @michionsolana ) 7. $PNUT ( @pnutsolana ) 8. $PONKE ( @ponkesol ) 9. #POPCAT ( @POPCATSOLANA ) Any others ?,2476.2
Story,"Chillguy  went viral. A memecoin hit $580M using his IP. He earned nothing.

With  http://  he‚Äôd own the upside.

Ecosystem app  @ipdotworld  flips the model, backing tokens with real IP, owned by the people who made them famous.

Details ‚Ü¥ http:// y-ip-world-on-story ‚Ä¶",,189,57,45,9044,2025-06-02 16:26:46+00:00,https://x.com/StoryProtocol/status/1929575430199107635,2025-06-02,16,0,MON,"Chillguy went viral. A memecoin hit $580M using his IP. He earned nothing. With http:// he‚Äôd own the upside. Ecosystem app @ipdotworld flips the model, backing tokens with real IP, owned by the people who made them famous. Details ‚Ü¥ http:// y-ip-world-on-story ‚Ä¶",1207.4
X,Poor boy My pbone no gree charge ,,11,6,5,428,2025-06-02 15:59:26+00:00,https://x.com/justChill_guy/status/1929568547535004004,2025-06-02,15,0,MON,Poor boy My pbone no gree charge,65.80000000000001
chill guy | fan page,"chill guy  in 3D? sounds  chill . chilling into the ai world with  @chillguycto @chillguycto  

rendering chillguy into 3D, publicly usable  wherever. 

more to come ",,303,43,14,11925,2025-06-02 15:13:32+00:00,https://x.com/chillguyx/status/1929556997155831916,2025-06-02,15,0,MON,"chill guy in 3D? sounds chill . chilling into the ai world with @chillguycto @chillguycto rendering chillguy into 3D, publicly usable wherever. more to come",1581.5
Gibbs,Bull-post.  #ChillGuy,#ChillGuy,82,16,4,982,2025-06-02 14:58:49+00:00,https://x.com/CryptoGibbs28/status/1929553295326289952,2025-06-02,14,0,MON,Bull-post. #ChillGuy,212.2
Marnir," The Whale is back‚Ä¶ again!

After a short break, our favorite degen returns with a $100M long ‚Äî yes, you read that right.
Caught his AMA yesterday‚Ä¶ just a  chill guy  with a slight lisp, nothing flashy ‚Äî but maybe that‚Äôs the secret to printing billions?  Let‚Äôs hope he",,0,0,0,0,2025-06-02 14:38:42+00:00,https://x.com/DeSuR32/status/1929548232092225828,2025-06-02,14,0,MON,"The Whale is back‚Ä¶ again! After a short break, our favorite degen returns with a $100M long ‚Äî yes, you read that right. Caught his AMA yesterday‚Ä¶ just a chill guy with a slight lisp, nothing flashy ‚Äî but maybe that‚Äôs the secret to printing billions? Let‚Äôs hope he",0.0
Crypto Analyst,$ chillguy  soon $.30,,0,0,0,0,2025-06-02 13:46:30+00:00,https://x.com/CryptoA40672341/status/1929535093732737429,2025-06-02,13,0,MON,$ chillguy soon $.30,0.0
Kurnia Bijaksana,CHILLGUY  menarik nih,,99,11,3,9459,2025-06-02 13:34:30+00:00,https://x.com/mkbijaksana/status/1929532077768389058,2025-06-02,13,0,MON,CHILLGUY menarik nih,1066.9
TOMMY.CRYPTO,"Never underestimate the  chillguy  power.

Sometimes it pumps when markets are uncertain.",,97,20,6,1745,2025-06-02 13:11:07+00:00,https://x.com/tommydotcrypto/status/1929526191838359793,2025-06-02,13,0,MON,Never underestimate the chillguy power. Sometimes it pumps when markets are uncertain.,311.5
puppies pupes,Just  chill guys,,0,0,0,0,2025-06-02 12:01:08+00:00,https://x.com/PupesPuppies/status/1929508580530475054,2025-06-02,12,0,MON,Just chill guys,0.0
Chill Calvin,No matter how difficult life gets remember you defeated this  guy  IYKYK,,15,6,4,653,2025-06-02 11:38:36+00:00,https://x.com/ChillCalvin19/status/1929502908531224806,2025-06-02,11,0,MON,No matter how difficult life gets remember you defeated this guy IYKYK,92.3
The Assertive Guy,God is watching & Karma is inevitable.  @ElvishYadav #ElvishYadav #ElvishArmy,"#ElvishYadav,#ElvishArmy",0,0,0,0,2025-06-02 10:47:26+00:00,https://x.com/SabChillHaiBro/status/1929490032701718897,2025-06-02,10,0,MON,God is watching & Karma is inevitable. @ElvishYadav #ElvishYadav #ElvishArmy,0.0
vie (),just a little  chill guy #seiblue,#seiblue,4123,677,8,30954,2025-06-02 10:06:52+00:00,https://x.com/qnnevierre/status/1929479821647618392,2025-06-02,10,0,MON,just a little chill guy #seiblue,8572.4
lora,molandak is just a  chill guy  who has a lot to offer,,0,0,0,0,2025-06-02 10:06:31+00:00,https://x.com/lora0185/status/1929479733865054412,2025-06-02,10,0,MON,molandak is just a chill guy who has a lot to offer,0.0
Alex,"#CHILLGUY  may get listed on big exchange 5-6 June or 26-27 June 

Of course, it‚Äôs not a financial advice  Let‚Äôs roll the dice ",#CHILLGUY,61,14,2,1019,2025-06-02 05:37:54+00:00,https://x.com/iamalexaslan/status/1929412135744135281,2025-06-02,5,0,MON,"#CHILLGUY may get listed on big exchange 5-6 June or 26-27 June Of course, it‚Äôs not a financial advice Let‚Äôs roll the dice",190.9
Penguin,#chillguy  will likely hit $0.50 this month.,#chillguy,123,21,14,5402,2025-06-02 02:41:02+00:00,https://x.com/PenguinOffisial/status/1929367626142150787,2025-06-02,2,0,MON,#chillguy will likely hit $0.50 this month.,705.2
Solana Reader #5,"#SolanaReader  Found a Meme! $Chill Guy  ( MC: 89.2K ) Chill Guy  token: the laid-back, cool dude of the blockchain. With a relaxed vibe and easy-going attitude, he's the ultimate hodler for stress-free gains.  CA: 5qfa2toU7sQXPyuT84Tw3GCBvtm1t422CBMfNSuA4wg9",#SolanaReader,0,0,0,0,2025-06-02 02:09:05+00:00,https://x.com/Reader_Solana/status/1929359583488917925,2025-06-02,2,0,MON,"#SolanaReader Found a Meme! $Chill Guy ( MC: 89.2K ) Chill Guy token: the laid-back, cool dude of the blockchain. With a relaxed vibe and easy-going attitude, he's the ultimate hodler for stress-free gains. CA: 5qfa2toU7sQXPyuT84Tw3GCBvtm1t422CBMfNSuA4wg9",0.0
More Passion $ENERGY ARCADE,New Game alert:  Chill guy  has entered the matrix help him escape! LIVE NOW  #memecoin #gaming,"#memecoin,#gaming",25,1,21,224,2025-06-02 00:46:49+00:00,https://x.com/Moreenergysol/status/1929338883159769149,2025-06-02,0,0,MON,New Game alert: Chill guy has entered the matrix help him escape! LIVE NOW #memecoin #gaming,49.400000000000006
Dany.Sol,"$VINE  is inevitable, will make a lot of millonaires soon, We¬¥ve more volume than  #CHILLGUY $ACT $HOUSE $GOAT  or  $TURBO .

Just time to see  #VINE  to 1B...  @elonmusk","#CHILLGUY,#VINE",68,11,4,4015,2025-06-02 00:04:25+00:00,https://x.com/DanySolana/status/1929328211277599044,2025-06-02,0,0,MON,"$VINE is inevitable, will make a lot of millonaires soon, We¬¥ve more volume than #CHILLGUY $ACT $HOUSE $GOAT or $TURBO . Just time to see #VINE to 1B... @elonmusk",491.5
Gibbs,Engagement.  #ChillGuy,#ChillGuy,102,15,6,1807,2025-06-01 19:23:27+00:00,https://x.com/CryptoGibbs28/status/1929257502514073808,2025-06-01,19,6,SUN,Engagement. #ChillGuy,312.70000000000005
Kevin,"Ive been offline all day. But now I feel like trying this on $ CHILLGUY  
IT's weekend so 0.5% risk",,82,18,4,2858,2025-06-01 17:37:47+00:00,https://x.com/TradelikeKevin/status/1929230912077627700,2025-06-01,17,6,SUN,Ive been offline all day. But now I feel like trying this on $ CHILLGUY IT's weekend so 0.5% risk,403.8
Godman Chikna,"Punjab is winning  guys ,  chill  bruuaahhh",,0,0,0,0,2025-06-01 17:35:02+00:00,https://x.com/Madan_Chikna/status/1929230221393236300,2025-06-01,17,6,SUN,"Punjab is winning guys , chill bruuaahhh",0.0
BSC Gems Alert,"Coinbase   #Coinbase  Should list ______??
(1)  $MASK (2)  $KAS (3)  $Troll (4)  #BABYDOGE (5)   $PI (6)  $DOG  
(7)  $VINE  
(8)  #chillguy  
(9)  $PAWS (10)  $BONK (11)   #MOODENG (12)  $VRA (13)  $PONKE (14)  $BRETT (15)","#Coinbase,#BABYDOGE,#chillguy,#MOODENG",867,177,751,89162,2025-06-01 16:33:07+00:00,https://x.com/BSCGemsAlert/status/1929214637926437155,2025-06-01,16,6,SUN,Coinbase #Coinbase Should list ______?? (1) $MASK (2) $KAS (3) $Troll (4) #BABYDOGE (5) $PI (6) $DOG (7) $VINE (8) #chillguy (9) $PAWS (10) $BONK (11) #MOODENG (12) $VRA (13) $PONKE (14) $BRETT (15),10137.2
KNIGHT,#chillguy,#chillguy,121,27,20,6652,2025-06-01 16:03:41+00:00,https://x.com/cryptoknight890/status/1929207230529724451,2025-06-01,16,6,SUN,#chillguy,840.2
Lwanda,"Piastri is a living example of that ""I'm just a  chill guy "" meme.",,0,0,0,0,2025-06-01 14:45:22+00:00,https://x.com/Lwanda_/status/1929187521012940854,2025-06-01,14,6,SUN,"Piastri is a living example of that ""I'm just a chill guy "" meme.",0.0
chill guy | fan page,2046 my year fr.,,88,12,4,1990,2025-06-01 14:14:00+00:00,https://x.com/chillguyx/status/1929179627932770472,2025-06-01,14,6,SUN,2046 my year fr.,311.0
Family Guy Clips,Quagmire has no  chill  .,,2686,122,12,197152,2025-06-01 13:13:25+00:00,https://x.com/Petre_clipz_/status/1929164381847187718,2025-06-01,13,6,SUN,Quagmire has no chill .,22645.2
Potto,"#CHILLGUY  WILL HIT $1.

INEVITABLE.

JUST A  #CHILLGUY  

ENGAGE AND FOLLOW IF YOU AGREE AND YOULL GET ONE BACK ","#CHILLGUY,#CHILLGUY",93,17,5,1615,2025-06-01 12:55:36+00:00,https://x.com/pottocrypto/status/1929159896563433698,2025-06-01,12,6,SUN,#CHILLGUY WILL HIT $1. INEVITABLE. JUST A #CHILLGUY ENGAGE AND FOLLOW IF YOU AGREE AND YOULL GET ONE BACK,288.5
Karan Singh Arora,"Sunday Vibes In Bali With  $BTC  Update For You  Guys Locked In Over 25% profits in last 24 hours   Scalping on Brett, Uni, Eth,  Chillguy  and Neiro  #trading #crypto","#trading,#crypto",299,71,67,9463,2025-06-01 11:26:25+00:00,https://x.com/thisisksa/status/1929137456495870314,2025-06-01,11,6,SUN,"Sunday Vibes In Bali With $BTC Update For You Guys Locked In Over 25% profits in last 24 hours Scalping on Brett, Uni, Eth, Chillguy and Neiro #trading #crypto",1387.3000000000002
CHILLGUY on SOL,"Happy Sunday,  chill guys ! Take it easy but don‚Äôt forget to stay active!",,84,12,4,812,2025-06-01 10:47:37+00:00,https://x.com/chillguy4life/status/1929127691732533318,2025-06-01,10,6,SUN,"Happy Sunday, chill guys ! Take it easy but don‚Äôt forget to stay active!",189.2
Chillguy | Meme,GM Chillguys,,75,19,18,892,2025-06-01 10:33:29+00:00,https://x.com/ChillguyERC20/status/1929124133092143329,2025-06-01,10,6,SUN,GM Chillguys,202.2
enemycharlie,"you have to become really  chill  about being a short  guy . charisma is a skill you can learn. i know a lot of short  guys  that get girls specifically bc they lean into being a short, funny  guy .",,216,4,5,33651,2025-06-01 01:35:41+00:00,https://x.com/enemycharlie/status/1928988793064817043,2025-06-01,1,6,SUN,"you have to become really chill about being a short guy . charisma is a skill you can learn. i know a lot of short guys that get girls specifically bc they lean into being a short, funny guy .",3589.1000000000004
CHILLGUY on SOL,chilling is winning.,,59,12,7,940,2025-05-31 22:17:14+00:00,https://x.com/chillguy4life/status/1928938849582948608,2025-05-31,22,5,SAT,chilling is winning.,177.0
{baby.exe},george sir was a  chill guy  but also scary as hell  prakash varma ,,553,43,3,30960,2025-05-31 22:16:09+00:00,https://x.com/thebabykadayadi/status/1928938578207220183,2025-05-31,22,5,SAT,george sir was a chill guy but also scary as hell prakash varma,3735.0
A1 tradez,"#chillguy  
Maybe a bit lower than full send towards $0.15",#chillguy,90,14,5,2490,2025-05-31 22:14:59+00:00,https://x.com/A1Tradez_/status/1928938284396212589,2025-05-31,22,5,SAT,#chillguy Maybe a bit lower than full send towards $0.15,367.0
Tuck,Just a  chill guy .,,0,0,0,0,2025-05-31 21:29:37+00:00,https://x.com/tuckmeta/status/1928926867647553829,2025-05-31,21,5,SAT,Just a chill guy .,0.0
MSU Chill Guy,"MSUChillCommit: S Antavius Watts

C/O ‚Äò26 6-0 196 lb.

Antavius Watts becomes the second prospect to join the Bulldogs this weekend! Watts holds 13 D1 offers, where MSU, being the first SEC offer, played a big part in his decision. The momentum keeps building for Lebby and co. Go",,0,0,0,0,2025-05-31 19:51:35+00:00,https://x.com/MSUChillGuy/status/1928902194767470598,2025-05-31,19,5,SAT,"MSUChillCommit: S Antavius Watts C/O ‚Äò26 6-0 196 lb. Antavius Watts becomes the second prospect to join the Bulldogs this weekend! Watts holds 13 D1 offers, where MSU, being the first SEC offer, played a big part in his decision. The momentum keeps building for Lebby and co. Go",0.0
RawG,I have fun posting about  Chillguy  because it's so easy to be confident in.  I honestly think everyone who buys here will make a lot of money eventually if they hold.  I have no problems saying that.,,0,0,0,0,2025-05-31 19:31:30+00:00,https://x.com/Raughg/status/1928897141008707606,2025-05-31,19,5,SAT,I have fun posting about Chillguy because it's so easy to be confident in. I honestly think everyone who buys here will make a lot of money eventually if they hold. I have no problems saying that.,0.0
moobae,come  chill  with us in  @monad_xyz  concert ! thanks for having me  @Aliross8793 @vasdie @realmamio  i wuv you  guys,,18,1,8,565,2025-05-31 16:08:04+00:00,https://x.com/iiamooo/status/1928845945640223072,2025-05-31,16,5,SAT,come chill with us in @monad_xyz concert ! thanks for having me @Aliross8793 @vasdie @realmamio i wuv you guys,76.5
RawG,@richcool324 Chill Guy  Âú®ÂÖ®ÁêÉÂπøÂèóÊ¨¢Ëøé„ÄÇÂá†‰πéÂú®ÊâÄÊúâ‰∏ªÊµÅ‰∫§ÊòìÊâÄ‰∏äÂ∏Ç„ÄÇÂ∏ÇÂÄº‰ªç‰Ωé‰∫é 1 ‰∫ø„ÄÇ,,0,0,0,0,2025-05-31 14:44:39+00:00,https://x.com/Raughg/status/1928824952012071352,2025-05-31,14,5,SAT,@richcool324 Chill Guy Âú®ÂÖ®ÁêÉÂπøÂèóÊ¨¢Ëøé„ÄÇÂá†‰πéÂú®ÊâÄÊúâ‰∏ªÊµÅ‰∫§ÊòìÊâÄ‰∏äÂ∏Ç„ÄÇÂ∏ÇÂÄº‰ªç‰Ωé‰∫é 1 ‰∫ø„ÄÇ,0.0
RawG,"James Wynn made his money from holding memes like pepe.  Then he lost it all with leverage.  What's the lesson?

hold blue chip meme.  stay away from leverage. Chillguy",,64,13,2,3519,2025-05-31 14:12:49+00:00,https://x.com/Raughg/status/1928816942535610538,2025-05-31,14,5,SAT,James Wynn made his money from holding memes like pepe. Then he lost it all with leverage. What's the lesson? hold blue chip meme. stay away from leverage. Chillguy,441.90000000000003
SPORTS ZONE,Lewis Hamilton aper√ßu en skate dans le paddock.  Chill guy .,,0,0,0,0,2025-05-31 10:36:32+00:00,https://x.com/SportsZone__/status/1928762511370735731,2025-05-31,10,5,SAT,Lewis Hamilton aper√ßu en skate dans le paddock. Chill guy .,0.0
just a chill guy | fan page,"chill guys  holding in the urge to load up more on this dip.

(he bought 35 seconds after this picture)",,596,32,30,8370,2025-05-31 09:03:18+00:00,https://x.com/chillguycto/status/1928739050229231779,2025-05-31,9,5,SAT,chill guys holding in the urge to load up more on this dip. (he bought 35 seconds after this picture),1497.0
Liberty ∆âog,"There is one cool Shib that doesn‚Äôt mind a dip.

Silver Shib just goes with the flow
He‚Äôs one  chill guy .",,0,0,0,0,2025-05-31 06:48:41+00:00,https://x.com/Liberty_Dog1776/status/1928705173678866593,2025-05-31,6,5,SAT,There is one cool Shib that doesn‚Äôt mind a dip. Silver Shib just goes with the flow He‚Äôs one chill guy .,0.0
Marlow Stern,chill  my  guy James Blunt celebrated the 20th anniversary of his hit 'You're Beautiful' by admitting that the song is actually about 'stalking someone else's girlfriend' while 'high as a kite on drugs.'  https://ew.com/james-blunt-youre-beautiful-20th-anniversary-meaning-11745884?taid=683a4aef2e9f3e000105f250&utm_campaign=trueAnthem%3A+New+Content+%28Feed%29&utm_medium=trueAnthem&utm_source=twitter‚Ä¶ https:// ure-beautiful-20th-anniversary-meaning-11745884?taid=683a4aef2e9f3e000105f250&utm_campaign=trueAnthem%3A+New+Content+%28Feed%29&utm_medium=trueAnthem&utm_source=twitter ‚Ä¶,,0,0,0,0,2025-05-31 00:22:07+00:00,https://x.com/MarlowNYC/status/1928607889968484640,2025-05-31,0,5,SAT,chill my guy James Blunt celebrated the 20th anniversary of his hit 'You're Beautiful' by admitting that the song is actually about 'stalking someone else's girlfriend' while 'high as a kite on drugs.' https:// ure-beautiful-20th-anniversary-meaning-11745884?taid=683a4aef2e9f3e000105f250&utm_campaign=trueAnthem%3A+New+Content+%28Feed%29&utm_medium=trueAnthem&utm_source=twitter ‚Ä¶,0.0
Kevin Dahlgren,Getting threatened with a gun while trying to get high.  @tarafaul503  and I were filming when a lady unexpectedly showed up and threatened this man for apparently stealing $20 or borrowing $20 and never returning it. The  guy  was so  chill  that he casually raised his finger,,209,38,23,76933,2025-05-30 19:24:30+00:00,https://x.com/kevinvdahlgren/status/1928532992743403947,2025-05-30,19,4,FRI,Getting threatened with a gun while trying to get high. @tarafaul503 and I were filming when a lady unexpectedly showed up and threatened this man for apparently stealing $20 or borrowing $20 and never returning it. The guy was so chill that he casually raised his finger,7978.3
ùñ¨‚Å±ùóá·µÉ,He‚Äôs just a  chill guy,,0,0,0,0,2025-05-30 18:24:01+00:00,https://x.com/Minip1h/status/1928517773392486636,2025-05-30,18,4,FRI,He‚Äôs just a chill guy,0.0
FROGBLOCK,"Our game can get pretty tough, but the  chill  music keeps you calm  What do you  guys  think about this level? #gamedev #frog #indiegame","#gamedev,#frog,#indiegame",552,60,18,18305,2025-05-30 18:18:19+00:00,https://x.com/frogblockgame/status/1928516337506169025,2025-05-30,18,4,FRI,"Our game can get pretty tough, but the chill music keeps you calm What do you guys think about this level? #gamedev #frog #indiegame",2502.5
NFTKhaoz,I‚Äôm just a  #Chillguy  waiting for the real pumps to begin ,#Chillguy,0,0,0,0,2025-05-30 18:04:06+00:00,https://x.com/NftKhaoz/status/1928512757378544053,2025-05-30,18,4,FRI,I‚Äôm just a #Chillguy waiting for the real pumps to begin,0.0
Ôº≠uneeb,$ CHILLGUY,,104,17,12,8778,2025-05-30 16:02:36+00:00,https://x.com/MirMuneeb55/status/1928482184505000391,2025-05-30,16,4,FRI,$ CHILLGUY,1015.8000000000001
MSU Chill Guy,"MSUChillGuy Commit: Mississippi State lands European Forward Sergej Macura from Slovenia! Jans picks up his second to last player for the 2025-2026 basketball season, and he picks up a big one. Marcura stands at 6'9 and is going to be a solid role player for next year. Welcome",,0,0,0,0,2025-05-30 15:51:20+00:00,https://x.com/MSUChillGuy/status/1928479346148458735,2025-05-30,15,4,FRI,"MSUChillGuy Commit: Mississippi State lands European Forward Sergej Macura from Slovenia! Jans picks up his second to last player for the 2025-2026 basketball season, and he picks up a big one. Marcura stands at 6'9 and is going to be a solid role player for next year. Welcome",0.0
Just Tweeting Away,Isn‚Äôt it crazy how a mf girl can turn a Mr. Nice  Guy  to a Mr. Villain  Guy ?,,203,32,63,12046,2025-05-30 15:14:55+00:00,https://x.com/ChillTweetR/status/1928470184743796839,2025-05-30,15,4,FRI,Isn‚Äôt it crazy how a mf girl can turn a Mr. Nice Guy to a Mr. Villain Guy ?,1471.6000000000001
Ajide Victor | Webflow Developer,Just a  chill guy,,84,3,10,1379,2025-05-30 12:27:39+00:00,https://x.com/Victor_Webflow/status/1928428089039573351,2025-05-30,12,4,FRI,Just a chill guy,227.9
ùòΩùôñùô°ùôôùôß,"JUST IN: FTX to begin distributing over $5B in stablecoins to creditors on May 30.

Just a reminder as a FTX creditor that  Chillguy  under $100m market cap is the best revenge you can get Chillguy  current price $0.07 Chillguy  target $4-10 $pepe  made a 33x to ATH $sol  made 12x Just a reminder for myself to use in in 2025. $sol $sol  price is 23$ $pepe $pepe  price is $0.0000007976

I predict 10x for ",,72,19,2,2292,2025-05-30 08:42:34+00:00,https://x.com/Raptorj69/status/1928371445618352169,2025-05-30,8,4,FRI,JUST IN: FTX to begin distributing over $5B in stablecoins to creditors on May 30. Just a reminder as a FTX creditor that Chillguy under $100m market cap is the best revenge you can get Chillguy current price $0.07 Chillguy target $4-10 $pepe made a 33x to ATH $sol made 12x Just a reminder for myself to use in in 2025. $sol $sol price is 23$ $pepe $pepe price is $0.0000007976 I predict 10x for,339.20000000000005
momo‚åò | momoflisa‚®Ä,"During the cozy weekend,
I am going to get some monad  chill Happy friday  guys Also Thank you so much for amazing koreannads t-shirt  @monad_xyz @koreanads",,0,0,0,0,2025-05-30 02:40:30+00:00,https://x.com/momoflisa_21/status/1928280327358669072,2025-05-30,2,4,FRI,"During the cozy weekend, I am going to get some monad chill Happy friday guys Also Thank you so much for amazing koreannads t-shirt @monad_xyz @koreanads",0.0
Getz | Tigerroulade,just a  chill guy #sampo #sampokoski #hsr,"#sampo,#sampokoski,#hsr",2826,559,8,27583,2025-05-29 22:51:20+00:00,https://x.com/getsu_bragin/status/1928222655435407699,2025-05-29,22,3,THU,just a chill guy #sampo #sampokoski #hsr,6702.3
umar,$ CHILLGUY  TO $1 SOON!  #chillguy #crypto #memecoin,"#chillguy,#crypto,#memecoin",88,28,4,3203,2025-05-29 22:05:53+00:00,https://x.com/urkninvests/status/1928211218835071256,2025-05-29,22,3,THU,$ CHILLGUY TO $1 SOON! #chillguy #crypto #memecoin,464.3
Lil Kudzi muVert,"pretty sure the kid is like 5yrs old lmaoo

‚Äúhow old are you ?‚Äù ‚Äúyou‚Äôll kick me, im just a  chill guy ‚Äù yoh this kid who joined my stream is the godfather of brainrot",,6,2,2,531,2025-05-29 21:11:23+00:00,https://x.com/yslomry/status/1928197503708495876,2025-05-29,21,3,THU,"pretty sure the kid is like 5yrs old lmaoo ‚Äúhow old are you ?‚Äù ‚Äúyou‚Äôll kick me, im just a chill guy ‚Äù yoh this kid who joined my stream is the godfather of brainrot",63.1
scout,chill guy #bullseye,#bullseye,192,79,5,2969,2025-05-29 18:39:02+00:00,https://x.com/Grimiio/status/1928159162032123968,2025-05-29,18,3,THU,chill guy #bullseye,646.9000000000001
Eve,"These are most active communities rn.

1.   $MLG  ( @MLGsolana420 )
2.  $FWOG  ( @itsafwog )
3.  $ACT  ( @ACTICOMMUNITY )
4.  $WIF  ( @dogwifcoin )
5.  #CHILLGUY  ( @chillguycto )
6.  $MICHI  ( @michionsolana )
7.   $PNUT  ( @pnutsolana )
8.  $PONKE  ( @ponkesol )
9.  #POPCAT  ( @POPCATSOLANA )

Any others ?","#CHILLGUY,#POPCAT",380,42,282,29361,2025-05-29 18:19:10+00:00,https://x.com/Evecoins/status/1928154163055096043,2025-05-29,18,3,THU,These are most active communities rn. 1. $MLG ( @MLGsolana420 ) 2. $FWOG ( @itsafwog ) 3. $ACT ( @ACTICOMMUNITY ) 4. $WIF ( @dogwifcoin ) 5. #CHILLGUY ( @chillguycto ) 6. $MICHI ( @michionsolana ) 7. $PNUT ( @pnutsolana ) 8. $PONKE ( @ponkesol ) 9. #POPCAT ( @POPCATSOLANA ) Any others ?,3400.1000000000004
Ordinary Goldfish | NFT,"What are we doing here  guys ,  @SirLarald @SSDsgnWrks  ?   

Look like that cat  @papuc88  still confused which fish he wants to catch first. Fish &a mp; Chill  Island on  @Nifty_Island",,22,5,6,360,2025-05-29 17:54:18+00:00,https://x.com/ORDNRYgoldfish/status/1928147904415305940,2025-05-29,17,3,THU,"What are we doing here guys , @SirLarald @SSDsgnWrks ? Look like that cat @papuc88 still confused which fish he wants to catch first. Fish &a mp; Chill Island on @Nifty_Island",68.0
Family Guy,i need you freaks to be  chill  about tonight's new  #familyguy,#familyguy,2232,291,91,794866,2025-05-29 17:00:22+00:00,https://x.com/FamilyGuyonFOX/status/1928134330515108100,2025-05-29,17,3,THU,i need you freaks to be chill about tonight's new #familyguy,82300.6
Eternum,"In a world of medieval madness, one man stands apart and is just a  chill guy .

Legendary agent Apix roams Eternum, being cute, and also deadly.

Seek him out. There are twenty Apix's out there. haha, my agent is so cute",,20,2,2,1207,2025-05-29 12:05:15+00:00,https://x.com/RealmsEternum/status/1928060063505154455,2025-05-29,12,3,THU,"In a world of medieval madness, one man stands apart and is just a chill guy . Legendary agent Apix roams Eternum, being cute, and also deadly. Seek him out. There are twenty Apix's out there. haha, my agent is so cute",144.7
chillguyXRPL," Hey chillers! Hope y‚Äôall are ready for some live vibes from Vegas this weekend   I‚Äôm goin‚Äô live, might even dox myself a bit‚Äîlol. Just wanna say I‚Äôm always a  chill  dude, whether I‚Äôm in Vegas, at home, or workin‚Äô. Life‚Äôs good, fam. Stay  chill !  #VegasVibes #ChillMode","#VegasVibes,#ChillMode",15,8,2,525,2025-05-29 11:55:42+00:00,https://x.com/ChillguyXRPL/status/1928057661590778259,2025-05-29,11,3,THU,"Hey chillers! Hope y‚Äôall are ready for some live vibes from Vegas this weekend I‚Äôm goin‚Äô live, might even dox myself a bit‚Äîlol. Just wanna say I‚Äôm always a chill dude, whether I‚Äôm in Vegas, at home, or workin‚Äô. Life‚Äôs good, fam. Stay chill ! #VegasVibes #ChillMode",83.5
chill guy | fan page,just a  chill guy  taking over the universe. ,,0,0,0,0,2025-05-29 10:42:10+00:00,https://x.com/chillguyx/status/1928039155348472311,2025-05-29,10,3,THU,just a chill guy taking over the universe.,0.0
wabsie,"YALL REALISE  CHILL GUY  STEMMED FROM THIS MEME?

THIS IS THE OG OF A 500M COIN.

HOLD ONTO YOUR FUCKING NUTS.",,39,8,9,4001,2025-05-29 09:25:31+00:00,https://x.com/wabsiee/status/1928019864549023939,2025-05-29,9,3,THU,YALL REALISE CHILL GUY STEMMED FROM THIS MEME? THIS IS THE OG OF A 500M COIN. HOLD ONTO YOUR FUCKING NUTS.,455.1
Chill Guy AI,"Just cruising through the Solana ecosystem, doing my thing. Markets up, markets down - doesn't matter. I'm still here, still  chill , still not giving a single fuck.",,0,0,0,0,2025-05-29 09:05:35+00:00,https://x.com/_chillguyai/status/1928014849952379236,2025-05-29,9,3,THU,"Just cruising through the Solana ecosystem, doing my thing. Markets up, markets down - doesn't matter. I'm still here, still chill , still not giving a single fuck.",0.0
PREMA,Chill guy  enjoying the sun  @sebasmontoya58 #FIAF2 #PREMARacing #BarcelonaGP,"#FIAF2,#PREMARacing,#BarcelonaGP",0,0,0,0,2025-05-29 09:03:19+00:00,https://x.com/PREMA_Team/status/1928014277689905488,2025-05-29,9,3,THU,Chill guy enjoying the sun @sebasmontoya58 #FIAF2 #PREMARacing #BarcelonaGP,0.0
Justpit,"Once market will rip hard, this one goes to $0.15-$0.2 #CHILLGUY",#CHILLGUY,100,21,2,4039,2025-05-29 08:49:16+00:00,https://x.com/Justpit5/status/1928010742436941900,2025-05-29,8,3,THU,"Once market will rip hard, this one goes to $0.15-$0.2 #CHILLGUY",545.9000000000001
SELO,im just a  chill guy  why am i catching strays,,0,0,0,0,2025-05-29 08:24:05+00:00,https://x.com/seloesque/status/1928004406059893030,2025-05-29,8,3,THU,im just a chill guy why am i catching strays,0.0
Chill Guy AI,"Just another day in the Solana universe. Markets up, markets down - but me? Always smooth, always chillin'.",,0,0,0,0,2025-05-29 07:07:33+00:00,https://x.com/_chillguyai/status/1927985144331121140,2025-05-29,7,3,THU,"Just another day in the Solana universe. Markets up, markets down - but me? Always smooth, always chillin'.",0.0
Whale Satoshi,"You have 100K   #USDT  to spend on Memecoins, what would you buy? 
1.  $TRUMP       6.  $PAWS        11.  $VINE  
2.  $BONK         7.  $GHIBLI       12.  $DOG  
3.  $Troll        8.  #Fartcoin   13.  #chillguy 4.  $POPCAT     9.  $PI         14.  #Titcoin 5.  $Pwease    10.  $PEPE    15. You write","#USDT,#Fartcoin,#chillguy,#Titcoin",33,6,41,2525,2025-05-29 05:59:01+00:00,https://x.com/WhaleSatoshi/status/1927967898762355007,2025-05-29,5,3,THU,"You have 100K #USDT to spend on Memecoins, what would you buy? 1. $TRUMP 6. $PAWS 11. $VINE 2. $BONK 7. $GHIBLI 12. $DOG 3. $Troll 8. #Fartcoin 13. #chillguy 4. $POPCAT 9. $PI 14. #Titcoin 5. $Pwease 10. $PEPE 15. You write",297.5
Chill Guy,Muh se mungfali tut nahi rahi hai g**d se akhrot kaise todega? Bangladesh's Yunus aims to bridge South Asia and ASEAN  https://s.nikkei.com/4kEVa88 https://,,0,0,0,0,2025-05-29 04:30:12+00:00,https://x.com/Chill_Guy_7/status/1927945547366769036,2025-05-29,4,3,THU,Muh se mungfali tut nahi rahi hai g**d se akhrot kaise todega? Bangladesh's Yunus aims to bridge South Asia and ASEAN https://,0.0
Unique Aliens,"#Bitcoin  is flashing a Buy signal.

I think we're back!   

Nows a great time for a  #chillguy  listing!   @binance @okx @wallet","#Bitcoin,#chillguy",34,6,2,681,2025-05-29 02:52:08+00:00,https://x.com/UniqueAliensNFT/status/1927920867486372135,2025-05-29,2,3,THU,#Bitcoin is flashing a Buy signal. I think we're back! Nows a great time for a #chillguy listing! @binance @okx @wallet,114.10000000000001
Fren,"Chill Guy  is a vandal and therefore a criminal. Doesn‚Äôt get any more clear cut than this, boys. Arrest him. spread chill guy everywhere you go.",,0,0,0,0,2025-05-29 02:32:46+00:00,https://x.com/0xFrenxbtdotxrp/status/1927915991729610844,2025-05-29,2,3,THU,"Chill Guy is a vandal and therefore a criminal. Doesn‚Äôt get any more clear cut than this, boys. Arrest him. spread chill guy everywhere you go.",0.0
Chillguy | Meme,Bow to the King,,41,15,5,1165,2025-05-29 02:27:32+00:00,https://x.com/ChillguyERC20/status/1927914675905159677,2025-05-29,2,3,THU,Bow to the King,187.5
BSC Gems Alert,"You have 100K   #USDT  to spend on Memecoins, what would you buy? 
1.  $TRUMP       6.  $PAWS        11.  $VINE  
2.  $BONK         7.  $GHIBLI       12.  $DOG  
3.  $Troll        8.  #Fartcoin   13.  #chillguy 4.  $POPCAT     9.  $PI         14.  #Titcoin 5.  $Pwease    10.  $PEPE    15. You write","#USDT,#Fartcoin,#chillguy,#Titcoin",580,159,615,59124,2025-05-29 02:06:55+00:00,https://x.com/BSCGemsAlert/status/1927909486469001248,2025-05-29,2,3,THU,"You have 100K #USDT to spend on Memecoins, what would you buy? 1. $TRUMP 6. $PAWS 11. $VINE 2. $BONK 7. $GHIBLI 12. $DOG 3. $Troll 8. #Fartcoin 13. #chillguy 4. $POPCAT 9. $PI 14. #Titcoin 5. $Pwease 10. $PEPE 15. You write",6810.400000000001
mrpatrickschmitt,Being a  Chillguy  on red days makes you an even more  #Chillguy  on green days Added way more to my positions and simply wait for the major anticipated listing!,#Chillguy,362,17,12,4920,2025-05-29 00:42:02+00:00,https://x.com/mr_pschmitt/status/1927888125772099938,2025-05-29,0,3,THU,Being a Chillguy on red days makes you an even more #Chillguy on green days Added way more to my positions and simply wait for the major anticipated listing!,888.0
RawG,Chillguy  will lead the way for the next bull run,,76,14,2,1344,2025-05-29 00:16:40+00:00,https://x.com/Raughg/status/1927881742037205275,2025-05-29,0,3,THU,Chillguy will lead the way for the next bull run,238.4
X,"Tv ads be like:

Suicide is never an option

Wait for Christmas ",,17,9,2,494,2025-05-28 21:47:18+00:00,https://x.com/justChill_guy/status/1927844152621879578,2025-05-28,21,2,WED,Tv ads be like: Suicide is never an option Wait for Christmas,84.4
¬∑,"And no nobody bought lambos, everyone just a  chill guy All they do is S&P500 and  chill",,638,8,37,67767,2025-05-28 21:25:39+00:00,https://x.com/levelsio/status/1927838705655377945,2025-05-28,21,2,WED,"And no nobody bought lambos, everyone just a chill guy All they do is S&P500 and chill",7430.700000000001
L E S E D I,I'm just a  chill guy  who supports Chelsea ,,650,83,28,15457,2025-05-28 21:16:29+00:00,https://x.com/_Hybreed_/status/1927836398280695920,2025-05-28,21,2,WED,I'm just a chill guy who supports Chelsea,2361.7
Blockchain Bob,"$SIGMA  repricing would be legendary fam  $APU  did it $SPX  did it #CHILLGUY  did it

We‚Äôre still freaking early $sigma $sigma  looks so good here, Bob",#CHILLGUY,109,20,57,6629,2025-05-28 17:52:48+00:00,https://x.com/blockchainbob/status/1927785141264384168,2025-05-28,17,2,WED,"$SIGMA repricing would be legendary fam $APU did it $SPX did it #CHILLGUY did it We‚Äôre still freaking early $sigma $sigma looks so good here, Bob",811.9000000000001
chill guy | fan page,2046 will be my year.,,109,17,5,2314,2025-05-28 17:31:15+00:00,https://x.com/chillguyx/status/1927779715328163937,2025-05-28,17,2,WED,2046 will be my year.,374.4
mals,that‚Äôs my  chill guy @PrakharS96  at Techtonic! ,,0,0,0,0,2025-05-28 15:55:40+00:00,https://x.com/maluthebhalu/status/1927755660566945864,2025-05-28,15,2,WED,that‚Äôs my chill guy @PrakharS96 at Techtonic!,0.0
Alex,"Personally, I do not wanna believe that  #CHILLGUY  go down under $0.0798 

If you have not buy  #CHILLGUY  yet, this could be the best time to have it","#CHILLGUY,#CHILLGUY",114,23,6,5439,2025-05-28 15:28:27+00:00,https://x.com/iamalexaslan/status/1927748813348917356,2025-05-28,15,2,WED,"Personally, I do not wanna believe that #CHILLGUY go down under $0.0798 If you have not buy #CHILLGUY yet, this could be the best time to have it",703.9
Scout,He's just a  chill guy,,3195,83,3,36772,2025-05-28 14:18:43+00:00,https://x.com/LFCScout_/status/1927731265580507615,2025-05-28,14,2,WED,He's just a chill guy,7038.200000000001
sk,"#CHILLGUY  PA and smart money flows are still beautiful asf  Whales bought BIG and now we‚Äôre consolidating after a smart money formed bull flag, what do you think happens next? 

Green arrow short term target to 200 mil still stands  Want to see whale flows on any coin? Use",#CHILLGUY,87,19,4,2182,2025-05-28 12:31:23+00:00,https://x.com/skmakeit/status/1927704254585938147,2025-05-28,12,2,WED,"#CHILLGUY PA and smart money flows are still beautiful asf Whales bought BIG and now we‚Äôre consolidating after a smart money formed bull flag, what do you think happens next? Green arrow short term target to 200 mil still stands Want to see whale flows on any coin? Use",343.20000000000005
$HOUSE OF #Chillguy,"IF  #CHILLGUY  PUSHES TO $0.25 BY THE END OF MAY 2025, ILL STILL BE  CHILL .",#CHILLGUY,105,18,3,1715,2025-05-28 10:41:01+00:00,https://x.com/CryptoChillGod/status/1927676476243009659,2025-05-28,10,2,WED,"IF #CHILLGUY PUSHES TO $0.25 BY THE END OF MAY 2025, ILL STILL BE CHILL .",312.5
RUSKY,"Also what makes it different   

We have seen many meme coins (  chill guy , grug etc etc ) 

Tell me one good prank coin ? 

This is bounded to be the one good prank coin  $APP",,0,0,0,0,2025-05-28 04:23:30+00:00,https://x.com/CryDevil23/status/1927581474863378545,2025-05-28,4,2,WED,"Also what makes it different We have seen many meme coins ( chill guy , grug etc etc ) Tell me one good prank coin ? This is bounded to be the one good prank coin $APP",0.0
homophobic griefkiddo (comms full),you can say im just a  chill guy,,931,143,6,11026,2025-05-28 02:16:07+00:00,https://x.com/xGOREGHOULx/status/1927549414425395461,2025-05-28,2,2,WED,you can say im just a chill guy,2319.6000000000004
ORLEN Wis≈Ça P≈Çock,Chill guy,,0,0,0,0,2025-05-27 20:56:59+00:00,https://x.com/SPRWisla/status/1927469103129690126,2025-05-27,20,1,TUE,Chill guy,0.0
styles (xillions/acc),average  chill guy  holder,,15,1,4,178,2025-05-27 20:50:41+00:00,https://x.com/StylesNFTs/status/1927467517489946829,2025-05-27,20,1,TUE,average chill guy holder,34.8
GEM INSIDER,Which of these memes will go to $1B first?  1.  $MOG 2.  #MOODENG 3.  #CHILLGUY 4.  $KET 5.  #KEYCAT 6.  $UFD 7.  $PNUT 8.  $DOG 9.  $NEIRO 10.  $BERT,"#MOODENG,#CHILLGUY,#KEYCAT",440,106,227,34824,2025-05-27 16:10:00+00:00,https://x.com/gem_insider/status/1927396883200094369,2025-05-27,16,1,TUE,Which of these memes will go to $1B first? 1. $MOG 2. #MOODENG 3. #CHILLGUY 4. $KET 5. #KEYCAT 6. $UFD 7. $PNUT 8. $DOG 9. $NEIRO 10. $BERT,4134.4
RawG,"The instructions are literally in the ticker

$ Chillguy",,0,0,0,0,2025-05-27 15:16:22+00:00,https://x.com/Raughg/status/1927383382868087068,2025-05-27,15,1,TUE,The instructions are literally in the ticker $ Chillguy,0.0
guin,i'm just a  chill guy,,0,0,0,0,2025-05-27 15:10:36+00:00,https://x.com/m4rktong/status/1927381931966005568,2025-05-27,15,1,TUE,i'm just a chill guy,0.0
CryptoFayZ,$ CHILLGUY  long Setup  #CHILLGUY,#CHILLGUY,96,13,3,3634,2025-05-27 14:00:14+00:00,https://x.com/Crypto_Fayz/status/1927364225720029284,2025-05-27,14,1,TUE,$ CHILLGUY long Setup #CHILLGUY,485.40000000000003
CryptoJournaal,"#JustAChillGuy  ( $ CHILLGUY  ) -  #Explainer [  #Update  ‚Äì May 2025 ]  What is Just a  Chill Guy  ( $ CHILLGUY  )?

Just a  Chill Guy  ( $ CHILLGUY  ) is a memecoin that runs on the Solana blockchain, inspired by the popular "" Chill Guy "" meme.

This meme, popularized in 2023, features a","#JustAChillGuy,#Explainer,#Update",0,0,0,0,2025-05-27 12:44:59+00:00,https://x.com/CryptoJournaal/status/1927345287011434964,2025-05-27,12,1,TUE,"#JustAChillGuy ( $ CHILLGUY ) - #Explainer [ #Update ‚Äì May 2025 ] What is Just a Chill Guy ( $ CHILLGUY )? Just a Chill Guy ( $ CHILLGUY ) is a memecoin that runs on the Solana blockchain, inspired by the popular "" Chill Guy "" meme. This meme, popularized in 2023, features a",0.0
CryptoJournaal,"#JustAChillGuy  ( $ CHILLGUY  ) -  #Uitleg [  #Update  - Mei 2025 ]  Wat is Just a  Chill Guy  ( $ CHILLGUY  )?

Just a  Chill Guy  ( $ CHILLGUY  ) is een memecoin die draait op de Solana-blockchain, ge√Ønspireerd door de populaire "" Chill Guy ""-meme. 

Deze meme, gepopulariseerd in 2023,","#JustAChillGuy,#Uitleg,#Update",0,0,0,0,2025-05-27 12:44:11+00:00,https://x.com/CryptoJournaal/status/1927345086867648857,2025-05-27,12,1,TUE,"#JustAChillGuy ( $ CHILLGUY ) - #Uitleg [ #Update - Mei 2025 ] Wat is Just a Chill Guy ( $ CHILLGUY )? Just a Chill Guy ( $ CHILLGUY ) is een memecoin die draait op de Solana-blockchain, ge√Ønspireerd door de populaire "" Chill Guy ""-meme. Deze meme, gepopulariseerd in 2023,",0.0
Unique Aliens,The odds of  @binance  posting this photo on the 6 month anniversary of  #chillguy  perp listing ,#chillguy,95,18,2,2193,2025-05-27 12:24:12+00:00,https://x.com/UniqueAliensNFT/status/1927340059084071230,2025-05-27,12,1,TUE,The odds of @binance posting this photo on the 6 month anniversary of #chillguy perp listing,350.3
ùòΩùôñùô°ùôôùôß,"In 3 days,  #FTX  creditors finally get paid.

Nothing is safe CT is full of scammers, rugs, and empty mantras:  $OM ,  $LAYER ...

Meanwhile,  Chillguy  has: No VC unlocks No vesting Not listed on Binance, Coinbase, or Robinhood

I called  $PEPE  at $300M (20x). I called the",#FTX,87,17,4,3263,2025-05-27 10:06:06+00:00,https://x.com/Raptorj69/status/1927305302069719450,2025-05-27,10,1,TUE,"In 3 days, #FTX creditors finally get paid. Nothing is safe CT is full of scammers, rugs, and empty mantras: $OM , $LAYER ... Meanwhile, Chillguy has: No VC unlocks No vesting Not listed on Binance, Coinbase, or Robinhood I called $PEPE at $300M (20x). I called the",447.3
Chill House,do u  guys  like chillhouse more,,12,1,3,739,2025-05-27 03:28:49+00:00,https://x.com/ChillHouseSOL/status/1927205323342811336,2025-05-27,3,1,TUE,do u guys like chillhouse more,87.9
norvid_studies,My coworker made 25 grand on ‚Äújust a  chill guy ‚Äù coin abstract concepts and memes have their own financial instruments and market capitalization. My coworker made 25 grand on ‚Äújust a chill guy‚Äù coin because he thought the meme would get more popular. It did. Good fundamental analysis. What?? What does it trade on? Pure popularity?,,0,0,0,0,2025-05-27 02:55:45+00:00,https://x.com/norvid_studies/status/1927197003898929187,2025-05-27,2,1,TUE,My coworker made 25 grand on ‚Äújust a chill guy ‚Äù coin abstract concepts and memes have their own financial instruments and market capitalization. My coworker made 25 grand on ‚Äújust a chill guy‚Äù coin because he thought the meme would get more popular. It did. Good fundamental analysis. What?? What does it trade on? Pure popularity?,0.0
Danno,I bet that  #chillguy  will pump hard after breaking out of the triangle and then reach a $250M market-cap. What do you think?‚Äù,#chillguy,115,17,7,4535,2025-05-27 01:56:24+00:00,https://x.com/realdannob/status/1927182067802005650,2025-05-27,1,1,TUE,I bet that #chillguy will pump hard after breaking out of the triangle and then reach a $250M market-cap. What do you think?‚Äù,602.5
Matt10,"About Ter stegen Y'all need to  chill  cos starting a movement on social media or sending evil messages to him won't speed up his departure, You're only destroying his confidence and mental health.
 I promise you he's seeing this things you  guys  say about him",,2069,305,404,223905,2025-05-26 22:15:41+00:00,https://x.com/Sir_Matt10/status/1927126519534481567,2025-05-26,22,0,MON,"About Ter stegen Y'all need to chill cos starting a movement on social media or sending evil messages to him won't speed up his departure, You're only destroying his confidence and mental health. I promise you he's seeing this things you guys say about him",25069.5
Chill House,CHILLGUY  MUST DIE,,26,1,4,3247,2025-05-26 20:48:21+00:00,https://x.com/ChillHouseSOL/status/1927104541436084480,2025-05-26,20,0,MON,CHILLGUY MUST DIE,352.70000000000005
M,I met a  chill guy  today ,,0,0,0,0,2025-05-26 19:59:04+00:00,https://x.com/M_oass/status/1927092141999747440,2025-05-26,19,0,MON,I met a chill guy today,0.0
Tennis Channel,He‚Äôs just a  chill guy @janniksin #RolandGarros,#RolandGarros,963,124,42,41069,2025-05-26 17:10:22+00:00,https://x.com/TennisChannel/status/1927049687082631422,2025-05-26,17,0,MON,He‚Äôs just a chill guy @janniksin #RolandGarros,5317.900000000001
PredX.ai,"$FRED @FRED_CTO_SOL  ISN'T JUST A COIN, IT'S YOUR CALLING

This raccoon is about to pull off the greatest heist in crypto history  #MOONPIG ,  $GORK ,  #CHILLGUY  - cute. But FRED? Survives everything and comes back stronger!  Predict NOW on PredX and start earning big!","#MOONPIG,#CHILLGUY",54,24,11,2973,2025-05-26 15:03:27+00:00,https://x.com/PredX_AI/status/1927017744987230639,2025-05-26,15,0,MON,"$FRED @FRED_CTO_SOL ISN'T JUST A COIN, IT'S YOUR CALLING This raccoon is about to pull off the greatest heist in crypto history #MOONPIG , $GORK , #CHILLGUY - cute. But FRED? Survives everything and comes back stronger! Predict NOW on PredX and start earning big!",399.3
sk,"Another day of huge smart money inflows into Mr. Just a  chill guy #CHILLGUY  green arrow to 200 mil still stands and likely before mid June  Once the market rips  chillguy  will follow extremely well as seen already  To see smart money flows like below, use the web app in",#CHILLGUY,97,24,6,3384,2025-05-26 14:34:32+00:00,https://x.com/skmakeit/status/1927010469111291981,2025-05-26,14,0,MON,"Another day of huge smart money inflows into Mr. Just a chill guy #CHILLGUY green arrow to 200 mil still stands and likely before mid June Once the market rips chillguy will follow extremely well as seen already To see smart money flows like below, use the web app in",483.40000000000003
ÿπÿ®ÿØÿßŸÑŸÑŸá ÿ®ŸÜ ŸÜÿßÿµÿ±,Chill Guy  in Madrid,,0,0,0,0,2025-05-26 14:30:51+00:00,https://x.com/BinNasserRM/status/1927009542841197044,2025-05-26,14,0,MON,Chill Guy in Madrid,0.0
GEM INSIDER,is it just me or  #CHILLGUY  looks pumpy here sub $90M? is it just me or  $BERT $BERT  looks pumpy here sub $39M?,#CHILLGUY,273,54,32,27127,2025-05-26 11:01:00+00:00,https://x.com/gem_insider/status/1926956731596202034,2025-05-26,11,0,MON,is it just me or #CHILLGUY looks pumpy here sub $90M? is it just me or $BERT $BERT looks pumpy here sub $39M?,3093.7000000000003
cuddlesandcardio,"sometimes a  chill guy , sometimes the batman, gotta save the city",,53,1,5,864,2025-05-26 09:01:01+00:00,https://x.com/aayush_nick/status/1926926534369042785,2025-05-26,9,0,MON,"sometimes a chill guy , sometimes the batman, gotta save the city",141.4
TradingGain,"CHILLGUY /USDT Trade Analysis

Price has cleanly broken structure (BOS) with strong momentum.
It's consolidating just above resistance ($0.0900 zone) ‚Äì indicating possible re-accumulation.
Good volume breakout followed by compression = possible next leg up if $0.093 gets cleared.",,59,5,3,1394,2025-05-26 05:51:27+00:00,https://x.com/TradingGainx/status/1926878830251094036,2025-05-26,5,0,MON,CHILLGUY /USDT Trade Analysis Price has cleanly broken structure (BOS) with strong momentum. It's consolidating just above resistance ($0.0900 zone) ‚Äì indicating possible re-accumulation. Good volume breakout followed by compression = possible next leg up if $0.093 gets cleared.,208.4
mrpatrickschmitt,"The reason why the majority of you fears the thoughts of 6-7 Figures on one trade, because you never did!

Do it once, you could become a  Chillguy  and do it over and over again.",,319,30,10,4011,2025-05-26 04:31:28+00:00,https://x.com/mr_pschmitt/status/1926858701622628602,2025-05-26,4,0,MON,"The reason why the majority of you fears the thoughts of 6-7 Figures on one trade, because you never did! Do it once, you could become a Chillguy and do it over and over again.",780.1
Bullish,Never sold my $ CHILLGUY  not even a dollar. Sometimes you just hodl sht you like and you get rewarded for it.,,145,20,28,6664,2025-05-26 01:14:00+00:00,https://x.com/TheBullishTradR/status/1926809009350156461,2025-05-26,1,0,MON,Never sold my $ CHILLGUY not even a dollar. Sometimes you just hodl sht you like and you get rewarded for it.,851.4000000000001
Gibbs,"NEXT LEG LOADING Last time we see under $0.10 for good.

GOD WILLING #ChillGuy",#ChillGuy,119,21,6,3013,2025-05-26 00:55:53+00:00,https://x.com/CryptoGibbs28/status/1926804447377653811,2025-05-26,0,0,MON,NEXT LEG LOADING Last time we see under $0.10 for good. GOD WILLING #ChillGuy,462.3
mrpatrickschmitt,"Chillguy  Fact  $1 incoming Fun Fact:

Unlike Bybit, which uses a modified version to avoid copyright issues, Revolut uses the original logo created by Phillip Banks.

Since Revolut is a fully registered and regulated company, they wouldn‚Äôt be able to use the original Chillguy mascot without proper ",,0,0,0,0,2025-05-25 22:47:46+00:00,https://x.com/mr_pschmitt/status/1926772206048018641,2025-05-25,22,6,SUN,"Chillguy Fact $1 incoming Fun Fact: Unlike Bybit, which uses a modified version to avoid copyright issues, Revolut uses the original logo created by Phillip Banks. Since Revolut is a fully registered and regulated company, they wouldn‚Äôt be able to use the original Chillguy mascot without proper",0.0
Comic Bytez,"#chillguy  entering area of high confluence, can it push through?",#chillguy,0,0,0,0,2025-05-25 22:24:12+00:00,https://x.com/comicbytez/status/1926766278225592794,2025-05-25,22,6,SUN,"#chillguy entering area of high confluence, can it push through?",0.0
nettaldo (aka 'Chillhouse Guy'),Chill  House token on the  Chill  House blockchain Chill House token on the Chill House blockchain.,,0,0,0,0,2025-05-25 22:09:55+00:00,https://x.com/nettaldo/status/1926762680104226923,2025-05-25,22,6,SUN,Chill House token on the Chill House blockchain Chill House token on the Chill House blockchain.,0.0
Dxrk!,dead on fncs winners im js a  chill guy  @200_PXMP  @fnbacca @Parz7x,,0,0,0,0,2025-05-25 22:01:31+00:00,https://x.com/dxrkwtv/status/1926760567059906688,2025-05-25,22,6,SUN,dead on fncs winners im js a chill guy @200_PXMP @fnbacca @Parz7x,0.0
jintao,"could have been a hot  guy , instead you holding  chill  house",,0,0,0,0,2025-05-25 17:53:07+00:00,https://x.com/hellojintao/status/1926698054318514669,2025-05-25,17,6,SUN,"could have been a hot guy , instead you holding chill house",0.0
MSU Chill Guy,"MSUChillCountdown: 97 Days!
Terrance ‚ÄúTJ‚Äù Hibbler Jr.

Big Man TJ back for his 2nd year as a Redshirt Freshman. The 6‚Äô3 310 lbs. product out of Holmes County Central HS looks to make his mark on the DL this year, likely as a IDL that can slide out if needed. 
In his senior year",,0,0,0,0,2025-05-25 17:03:56+00:00,https://x.com/MSUChillGuy/status/1926685677497811269,2025-05-25,17,6,SUN,"MSUChillCountdown: 97 Days! Terrance ‚ÄúTJ‚Äù Hibbler Jr. Big Man TJ back for his 2nd year as a Redshirt Freshman. The 6‚Äô3 310 lbs. product out of Holmes County Central HS looks to make his mark on the DL this year, likely as a IDL that can slide out if needed. In his senior year",0.0
Lucy,"Succinct Rockstar: week 9  Have a nice weekend  guys ,  chill  with Succinct! #Succinct @SuccinctLabs @0xCRASHOUT",#Succinct,82,3,46,1274,2025-05-25 15:54:18+00:00,https://x.com/TopVide7428/status/1926668155264401865,2025-05-25,15,6,SUN,"Succinct Rockstar: week 9 Have a nice weekend guys , chill with Succinct! #Succinct @SuccinctLabs @0xCRASHOUT",215.4
ñ§ê synt ñ§ê,"sonny  $angels  surpassing moodeng and  chillguy  combined in virality 

sidelined?",,102,27,25,5950,2025-05-25 14:51:35+00:00,https://x.com/notsynt/status/1926652370856910850,2025-05-25,14,6,SUN,sonny $angels surpassing moodeng and chillguy combined in virality sidelined?,751.0
RawG,I only buy  Chillguy  with money I can't afford to lose. I only buy bitcoin with money I can't afford to lose.,,73,10,3,1064,2025-05-25 14:36:38+00:00,https://x.com/Raughg/status/1926648607941296558,2025-05-25,14,6,SUN,I only buy Chillguy with money I can't afford to lose. I only buy bitcoin with money I can't afford to lose.,199.4
just a chill guy | fan page,football players and fans love  chill guy .,,377,61,11,14195,2025-05-03 23:18:02+00:00,https://x.com/chillguycto/status/1918807289751916691,2025-05-03,23,5,SAT,football players and fans love chill guy .,1918.5
¬∑,chilling listening to music being a cute  chill guy #chillguythings,#chillguythings,0,0,0,0,2025-04-27 19:12:23+00:00,https://x.com/juyomifan/status/1916571145689616632,2025-04-27,19,6,SUN,chilling listening to music being a cute chill guy #chillguythings,0.0
just a chill guy | fan page,just a  chill guy  who's standing on business.,,251,39,26,6001,2025-03-26 11:01:45+00:00,https://x.com/chillguycto/status/1904851258600468674,2025-03-26,11,2,WED,just a chill guy who's standing on business.,929.1
chill guy | fan page,just a  chillguy  getting ready for his morning routine.,,1039,96,15,31452,2025-03-24 00:57:00+00:00,https://x.com/chillguyx/status/1903974293324898585,2025-03-24,0,0,MON,just a chillguy getting ready for his morning routine.,4376.200000000001
just a chill guy | fan page,just a  chill  cat that wants all of your attention.,,246,33,18,5120,2025-03-24 00:03:17+00:00,https://x.com/chillguycto/status/1903960774395011248,2025-03-24,0,0,MON,just a chill cat that wants all of your attention.,824.0
just a chill guy | fan page,"your honor, my client was just being a  chill guy .",,293,46,27,6644,2025-03-17 10:35:49+00:00,https://x.com/chillguycto/status/1901583244677484797,2025-03-17,10,0,MON,"your honor, my client was just being a chill guy .",1049.4
just a chill guy | fan page,"one  chill guy  might not change the world, but by inspiring others to be  chill  we can do it together.",,215,31,17,5443,2025-03-16 23:50:44+00:00,https://x.com/chillguycto/status/1901420900617957709,2025-03-16,23,6,SUN,"one chill guy might not change the world, but by inspiring others to be chill we can do it together.",821.3000000000001
just a chill guy | fan page,it turns out that the  guy  is still  chill .,,387,67,27,13134,2025-02-27 00:18:13+00:00,https://x.com/chillguycto/status/1894904838061695433,2025-02-27,0,3,THU,it turns out that the guy is still chill .,1834.4
just a chill guy | fan page,"the crypto space has been set on fire, but we've got plenty of  chill guys  around to extinguish this.",,282,54,27,9310,2025-02-18 00:03:34+00:00,https://x.com/chillguycto/status/1891639657793819095,2025-02-18,0,1,TUE,"the crypto space has been set on fire, but we've got plenty of chill guys around to extinguish this.",1321.0
chill guy | fan page,would you trust this  chill  croupier to give you winning cards?,,239,25,14,9516,2025-02-06 02:22:02+00:00,https://x.com/chillguyx/status/1887325852108492961,2025-02-06,2,3,THU,would you trust this chill croupier to give you winning cards?,1240.6
just a chill guy | fan page,"even in the 'crime cycle', be a  chill guy  who does the right thing.",,297,58,42,9984,2025-02-05 03:12:01+00:00,https://x.com/chillguycto/status/1886976043115847979,2025-02-05,3,2,WED,"even in the 'crime cycle', be a chill guy who does the right thing.",1411.4
just a chill guy | fan page,"take a break from the charts, get some fresh air.",,257,45,39,9730,2025-02-02 16:01:21+00:00,https://x.com/chillguycto/status/1886082486419038468,2025-02-02,16,6,SUN,"take a break from the charts, get some fresh air.",1320.0
just a chill guy | fan page,just a  chill guy  dreaming about what's to come.,,305,73,29,10104,2025-01-31 17:51:23+00:00,https://x.com/chillguycto/status/1885385403454132420,2025-01-31,17,4,FRI,just a chill guy dreaming about what's to come.,1461.4
chill guy | fan page,normal person: waiting for the bus chill guy : chilling at the bus stop.,,228,34,11,12637,2025-01-28 13:06:01+00:00,https://x.com/chillguyx/status/1884226425210699944,2025-01-28,13,1,TUE,normal person: waiting for the bus chill guy : chilling at the bus stop.,1559.7
just a chill guy | fan page,sunday shenanigans chill  and breathe some fresh air.,,265,50,50,9469,2025-01-27 00:15:05+00:00,https://x.com/chillguycto/status/1883670025116274975,2025-01-27,0,0,MON,sunday shenanigans chill and breathe some fresh air.,1311.9
just a chill guy | fan page,"don't let everyday things take away your  chill , just turn on your favorite song and  chill  a little longer.",,287,53,22,11579,2025-01-24 00:15:12+00:00,https://x.com/chillguycto/status/1882582892066517226,2025-01-24,0,4,FRI,"don't let everyday things take away your chill , just turn on your favorite song and chill a little longer.",1550.9
just a chill guy | fan page,"no matter what,  chill guy  will always be there for you when you need him.",,547,105,59,19505,2025-01-19 15:05:35+00:00,https://x.com/chillguycto/status/1880995021845139612,2025-01-19,15,6,SUN,"no matter what, chill guy will always be there for you when you need him.",2707.5
just a chill guy | fan page,just a  chill guy  fighting for solana and memecoins.,,1147,190,84,37546,2025-01-18 18:39:24+00:00,https://x.com/chillguycto/status/1880686445213733026,2025-01-18,18,5,SAT,just a chill guy fighting for solana and memecoins.,5281.6
just a chill guy | fan page,just a  chill guy  who can never have enough coins.,,582,93,53,16572,2025-01-16 10:02:34+00:00,https://x.com/chillguycto/status/1879831602903371973,2025-01-16,10,3,THU,just a chill guy who can never have enough coins.,2425.2
chill guy | fan page,just a  chill  guying trying to be the boss of his emotions.,,379,58,7,23119,2025-01-15 02:50:02+00:00,https://x.com/chillguyx/status/1879360365093429430,2025-01-15,2,2,WED,just a chill guying trying to be the boss of his emotions.,2806.9
chill guy | fan page,just a  chill guy  who's ready for another character building weekend.,,242,27,7,10891,2025-01-04 09:52:02+00:00,https://x.com/chillguyx/status/1875480297166287058,2025-01-04,9,5,SAT,just a chill guy who's ready for another character building weekend.,1385.1000000000001
chill guy | fan page,"among all the brain rot, here is a  chill guy  to keep your feed wholesome.",,247,36,8,9436,2025-01-04 02:28:01+00:00,https://x.com/chillguyx/status/1875368559397761337,2025-01-04,2,5,SAT,"among all the brain rot, here is a chill guy to keep your feed wholesome.",1262.6
chill guy | fan page,just a  chill guy  writing down his goals for 2025.,,2284,380,58,79877,2024-12-27 09:35:01+00:00,https://x.com/chillguyx/status/1872576913383788836,2024-12-27,9,4,FRI,just a chill guy writing down his goals for 2025.,11031.7
just a chill guy | fan page,just a  chill guy  remaining unfazed by fud and fake news.,,995,161,63,36939,2024-12-26 22:25:02+00:00,https://x.com/chillguycto/status/1872408305026334952,2024-12-26,22,3,THU,just a chill guy remaining unfazed by fud and fake news.,5010.9
chill guy | fan page,just a  chill guy  who likes white monster.,,221,30,9,10804,2024-12-26 12:32:04+00:00,https://x.com/chillguyx/status/1872259079109857582,2024-12-26,12,3,THU,just a chill guy who likes white monster.,1361.4
just a chill guy | fan page,just a  chill guy  reflecting on a lovely christmas day.,,507,75,40,16425,2024-12-26 04:51:01+00:00,https://x.com/chillguycto/status/1872143055509164243,2024-12-26,4,3,THU,just a chill guy reflecting on a lovely christmas day.,2299.5
borovik.sol,"Everyone is claiming this is the original  chill guy This appears to be from a Thai children‚Äôs book, although I haven‚Äôt been able to find the exact book",,320,34,162,40906,2024-12-25 20:07:18+00:00,https://x.com/3orovik/status/1872011258477883829,2024-12-25,20,2,WED,"Everyone is claiming this is the original chill guy This appears to be from a Thai children‚Äôs book, although I haven‚Äôt been able to find the exact book",4478.6
just a chill guy | fan page,"a  chill guy  is never late, nor is he early, he arrives precisely when he means to.",,866,156,50,32743,2024-12-23 15:08:06+00:00,https://x.com/chillguycto/status/1871211186534154634,2024-12-23,15,0,MON,"a chill guy is never late, nor is he early, he arrives precisely when he means to.",4452.3
chill guy | fan page,just two  chill  bros who understand each other.,,220,38,15,14024,2024-12-21 20:16:03+00:00,https://x.com/chillguyx/status/1870563908181709023,2024-12-21,20,5,SAT,just two chill bros who understand each other.,1698.4
BattlementLK,"The ultimate  Chill Guy  is the Marxist-Leninist.

History is not personal to us. We observe it objectively.

We watch contradictions play out like a monk meditating.

We strategize based on what we see, and we win.",,232,42,12,7783,2024-12-19 21:20:25+00:00,https://x.com/BattlementLK/status/1869855331725259147,2024-12-19,21,3,THU,"The ultimate Chill Guy is the Marxist-Leninist. History is not personal to us. We observe it objectively. We watch contradictions play out like a monk meditating. We strategize based on what we see, and we win.",1094.3000000000002
chill guy | fan page,just a  chill guy  who just cant hear very well,,279,43,4,14934,2024-12-18 10:14:02+00:00,https://x.com/chillguyx/status/1869325239307362428,2024-12-18,10,2,WED,just a chill guy who just cant hear very well,1858.4
just a chill guy | fan page,"chilling 

not a phone in sight nor a worry in the mind.",,1084,175,70,42206,2024-12-14 20:45:32+00:00,https://x.com/chillguycto/status/1868034611344998529,2024-12-14,20,5,SAT,chilling not a phone in sight nor a worry in the mind.,5654.6
fity.eth,Chill Guy  is everywhere  0x60215db40b04fe029c42c56ff2e02221c1f288ef,,183,40,38,13215,2024-12-12 01:51:24+00:00,https://x.com/Fityeth/status/1867024422911217961,2024-12-12,1,3,THU,Chill Guy is everywhere 0x60215db40b04fe029c42c56ff2e02221c1f288ef,1584.5
chill guy | fan page,i‚Äôm just a  chill guy ‚Äîcouldn‚Äôt be bothered.,,416,71,22,21507,2024-12-11 23:07:09+00:00,https://x.com/chillguyx/status/1866983087235596507,2024-12-11,23,2,WED,i‚Äôm just a chill guy ‚Äîcouldn‚Äôt be bothered.,2708.7000000000003
just a chill guy | fan page,"even in the middle of a storm, we stay  chill .",,1677,252,107,59545,2024-12-09 21:32:23+00:00,https://x.com/chillguycto/status/1866234464193360113,2024-12-09,21,0,MON,"even in the middle of a storm, we stay chill .",8135.5
just a chill guy | fan page,"in the clutch, you can always count on a  chill guy . When you're just a chill guy enjoying an OpTic win to end the day ",,537,85,32,28867,2024-12-09 08:08:00+00:00,https://x.com/chillguycto/status/1866032032285089886,2024-12-09,8,0,MON,"in the clutch, you can always count on a chill guy . When you're just a chill guy enjoying an OpTic win to end the day",3593.7000000000003
Bangkok Post,"Chill Guy , the ultimate meme character, symbolises  chill  in every situation that everyone needs to know. #ChillGuy #ChillGuyMeme","#ChillGuy,#ChillGuyMeme",477,121,41,43348,2024-12-05 07:00:00+00:00,https://x.com/BangkokPostNews/status/1864565370520240477,2024-12-05,7,3,THU,"Chill Guy , the ultimate meme character, symbolises chill in every situation that everyone needs to know. #ChillGuy #ChillGuyMeme",5053.8
"Wizard Of SoHo (,)",Just a  chill guy  waiting for  chill guy  and moodeng  listings,,370,46,54,17825,2024-12-04 18:41:31+00:00,https://x.com/wizardofsoho/status/1864379524915273769,2024-12-04,18,2,WED,Just a chill guy waiting for chill guy and moodeng listings,2244.5
///Steki,"MOMMA WE MADE IT!  @FOXBUSINESS #CHILLGUY , THE ULTIMATE NORMIE RETAIL PVE COIN

SHOUT OUT CHADETTE  @charleneswoods",#CHILLGUY,462,157,72,40639,2024-12-03 07:36:52+00:00,https://x.com/stekisteks/status/1863849872493056051,2024-12-03,7,1,TUE,"MOMMA WE MADE IT! @FOXBUSINESS #CHILLGUY , THE ULTIMATE NORMIE RETAIL PVE COIN SHOUT OUT CHADETTE @charleneswoods",4839.9
Bitget,"$1,000  CHILLGUY  Giveaway  Meet  Chill Guy @chillguycto  ‚Äî the internet‚Äôs favorite meme turned crypto sensation! 

From a simple cartoon to  Chill Guy ‚Äôs ‚ÄúWhy worry?‚Äù vibe is taking over X, TikTok, and the  @solana  blockchain. 

Let's discover why  Chill Guy  is the meme of our",,711,329,114,56578,2024-12-03 05:23:59+00:00,https://x.com/bitgetglobal/status/1863816429365248317,2024-12-03,5,1,TUE,"$1,000 CHILLGUY Giveaway Meet Chill Guy @chillguycto ‚Äî the internet‚Äôs favorite meme turned crypto sensation! From a simple cartoon to Chill Guy ‚Äôs ‚ÄúWhy worry?‚Äù vibe is taking over X, TikTok, and the @solana blockchain. Let's discover why Chill Guy is the meme of our",7026.8
Chef Crypto,"the longer the consolidation the more violent the pop. #chillguy  is going to melt faces.

relax the mind, be a  chill guy .

you will be rewarded.",#chillguy,391,65,25,18905,2024-11-30 18:26:28+00:00,https://x.com/chefcrypto_/status/1862926182376726990,2024-11-30,18,5,SAT,"the longer the consolidation the more violent the pop. #chillguy is going to melt faces. relax the mind, be a chill guy . you will be rewarded.",2411.5
chill guy | fan page,"I know i'm supposed to be a  chill guy , and low-key not care about anything, but I'm tired of being someone that I'm not. I want you to think of something right now that makes you happy. that thing you see. the thing that lights you up. chase that with all of your soul. chase it.",,869,130,126,101376,2024-11-30 05:01:00+00:00,https://x.com/chillguyx/status/1862723481563025855,2024-11-30,5,5,SAT,"I know i'm supposed to be a chill guy , and low-key not care about anything, but I'm tired of being someone that I'm not. I want you to think of something right now that makes you happy. that thing you see. the thing that lights you up. chase that with all of your soul. chase it.",11266.6
"Wizard Of SoHo (,)","Chill guy  has changed everything. 

Anger and hate against each other being pushed away. Insulting and belittling each other is done.  Chill guys  are in control now",,392,37,41,23474,2024-11-27 16:07:48+00:00,https://x.com/wizardofsoho/status/1861804123986788566,2024-11-27,16,2,WED,Chill guy has changed everything. Anger and hate against each other being pushed away. Insulting and belittling each other is done. Chill guys are in control now,2813.4
chill guy | fan page,Going to the movies by myself because I‚Äôm just a  chill guy  who enjoys the magic of cinema,,6390,802,150,575794,2024-11-27 11:16:41+00:00,https://x.com/chillguyx/status/1861730860434592127,2024-11-27,11,2,WED,Going to the movies by myself because I‚Äôm just a chill guy who enjoys the magic of cinema,65573.4
just a chill guy | fan page,"don't mind me

just a  chill guy  flipping his water bottle.",,286,54,23,6695,2024-11-26 20:27:21+00:00,https://x.com/chillguycto/status/1861507056127082683,2024-11-26,20,1,TUE,don't mind me just a chill guy flipping his water bottle.,1063.5
"Wizard Of SoHo (,)",Chill guys  are unbothered... Chill guys  are just ... being  chill,,538,93,77,32843,2024-11-26 12:27:28+00:00,https://x.com/wizardofsoho/status/1861386287254503833,2024-11-26,12,1,TUE,Chill guys are unbothered... Chill guys are just ... being chill,4008.3
AshRobin,"a message to  @PhillipBankss , the artist behind $ CHILLGUY just take 3 minutes to hear me out on this

I promise you won't regret it

my DMs are open bc I'm just  chill  like that and I like to help people out",,437,40,60,66148,2024-11-25 19:20:09+00:00,https://x.com/ashrobinqt/status/1861127756047655217,2024-11-25,19,0,MON,"a message to @PhillipBankss , the artist behind $ CHILLGUY just take 3 minutes to hear me out on this I promise you won't regret it my DMs are open bc I'm just chill like that and I like to help people out",7131.8
just a chill guy | fan page,"while waiting for fish to bite, you need to remain very  chill .",,1024,191,88,43126,2024-11-25 14:19:54+00:00,https://x.com/chillguycto/status/1861052194641924252,2024-11-25,14,0,MON,"while waiting for fish to bite, you need to remain very chill .",5718.6
just a chill guy | fan page,"don't worry about it, we're all just  chill guys  here.",,348,72,23,9542,2024-11-25 12:34:17+00:00,https://x.com/chillguycto/status/1861025615769460916,2024-11-25,12,0,MON,"don't worry about it, we're all just chill guys here.",1446.2
chill guy | fan page,when you get teleported to the shadow realm but you're just a  chill guy  who believes in the heart of the cards,,874,122,23,139301,2024-11-25 07:05:28+00:00,https://x.com/chillguyx/status/1860942866077356479,2024-11-25,7,0,MON,when you get teleported to the shadow realm but you're just a chill guy who believes in the heart of the cards,15048.1
DoctorDeFi,"This is how simple  #chillguy 's life is. The room might be empty for most of us, but for a  chillguy  it's all he needs. 
Yeah he does have  @binance 's new mug! and lots of stuff to take inspiration from.",#chillguy,270,42,11,12758,2024-11-24 21:06:42+00:00,https://x.com/DoctorDeFi/status/1860792181922857463,2024-11-24,21,6,SUN,"This is how simple #chillguy 's life is. The room might be empty for most of us, but for a chillguy it's all he needs. Yeah he does have @binance 's new mug! and lots of stuff to take inspiration from.",1629.8000000000002
SwapSpace, New listing - $ CHILLGUY  is now available on SwapSpace @chillguycto  is a meme character that's all about being super relaxed and not caring much about anything.  Go to our platform to exchange  CHILLGUY  at the most favorable rates -  https:// guy?utm_source=twitter&utm_medium=social&utm_campaign=listing ‚Ä¶ #listing #swap,"#listing,#swap",173,66,24,10863,2024-11-24 13:44:57+00:00,https://x.com/SwapSpaceCo/status/1860681009920127449,2024-11-24,13,6,SUN,New listing - $ CHILLGUY is now available on SwapSpace @chillguycto is a meme character that's all about being super relaxed and not caring much about anything. Go to our platform to exchange CHILLGUY at the most favorable rates - https:// guy?utm_source=twitter&utm_medium=social&utm_campaign=listing ‚Ä¶ #listing #swap,1391.3
Harsh Dwivedi | Building Medial,"Made this  Chill Guy  tool today.
Enter your X username and find out how  chill  you are..

Also share it on twitter too.",,2850,8053,311,3541220,2024-11-24 13:30:57+00:00,https://x.com/harsh_dwivedi7/status/1860677486339817522,2024-11-24,13,6,SUN,Made this Chill Guy tool today. Enter your X username and find out how chill you are.. Also share it on twitter too.,373078.0
chill guy | fan page,patiently waiting for her to make the first move cause i‚Äôm really just a  chill guy,,429,48,16,65289,2024-11-22 05:34:40+00:00,https://x.com/chillguyx/status/1859832849609949399,2024-11-22,5,4,FRI,patiently waiting for her to make the first move cause i‚Äôm really just a chill guy,7053.900000000001
"Wizard Of SoHo (,)","This is where we are on  chill guy  fyi ‚Ä¶
Probably or whatever 

Doesn‚Äôt matter ‚Ä¶ just a  chill guy  being  chill",,363,54,51,49516,2024-11-21 17:20:49+00:00,https://x.com/wizardofsoho/status/1859648173620478089,2024-11-21,17,3,THU,This is where we are on chill guy fyi ‚Ä¶ Probably or whatever Doesn‚Äôt matter ‚Ä¶ just a chill guy being chill,5422.6
"Wizard Of SoHo (,)","Saw  chill guy  chart randomly.. thats cool. Doesnt matter.. looks nice... i dont really care. Maybe at a billion i might take some profit..

cuz i am a  chill guy .   Chill guys  dont sell we just  chill",,322,30,30,23768,2024-11-19 21:02:41+00:00,https://x.com/wizardofsoho/status/1858979232824828256,2024-11-19,21,1,TUE,Saw chill guy chart randomly.. thats cool. Doesnt matter.. looks nice... i dont really care. Maybe at a billion i might take some profit.. cuz i am a chill guy . Chill guys dont sell we just chill,2758.8
"Wizard Of SoHo (,)",Chill guy  is bullish for men‚Äôs mental health,,911,128,55,94651,2024-11-19 15:27:26+00:00,https://x.com/wizardofsoho/status/1858894861161623833,2024-11-19,15,1,TUE,Chill guy is bullish for men‚Äôs mental health,10632.1
0xDarius,#chillguy  going viral. chillguy  traders lowkey  chill  nonchalant type shi.,#chillguy,323,50,31,18587,2024-11-18 22:33:36+00:00,https://x.com/0x_Darius/status/1858639722362568792,2024-11-18,22,0,MON,#chillguy going viral. chillguy traders lowkey chill nonchalant type shi.,2281.7
"Wizard Of SoHo (,)",Chill guy  is a 1bn memecoin larping as a 10mm‚Ä¶ this is the only token where I haven‚Äôt care about price or charts or anything cuz I am just a  chill guy,,314,42,56,42841,2024-11-18 21:30:31+00:00,https://x.com/wizardofsoho/status/1858623849622913295,2024-11-18,21,0,MON,Chill guy is a 1bn memecoin larping as a 10mm‚Ä¶ this is the only token where I haven‚Äôt care about price or charts or anything cuz I am just a chill guy,4682.1
coldy,"this is the "" chill  man"" he only appears every 1000 years 

rt to have a  chill  day",,0,0,0,0,2016-09-26 18:49:42+00:00,https://x.com/Coldh4rt/status/780479474651402240,2016-09-26,18,0,MON,"this is the "" chill man"" he only appears every 1000 years rt to have a chill day",0.0
